dept_id,cat_id,item_id,state_id,store_id,datetime,sales
FOODS_1,FOODS,FOODS_1_001,CA,CA_1,2014-01-06,0.0
FOODS_1,FOODS,FOODS_1_001,CA,CA_1,2014-01-13,0.0
FOODS_1,FOODS,FOODS_1_001,CA,CA_1,2014-01-20,0.0
FOODS_1,FOODS,FOODS_1_001,CA,CA_1,2014-01-27,0.0
FOODS_1,FOODS,FOODS_1_001,CA,CA_1,2014-02-03,0.0
FOODS_1,FOODS,FOODS_1_001,CA,CA_1,2014-02-10,4.0
FOODS_1,FOODS,FOODS_1_001,CA,CA_1,2014-02-17,8.0
FOODS_1,FOODS,FOODS_1_001,CA,CA_1,2014-02-24,2.0
FOODS_1,FOODS,FOODS_1_001,CA,CA_1,2014-03-03,14.0
FOODS_1,FOODS,FOODS_1_001,CA,CA_1,2014-03-10,0.0
FOODS_1,FOODS,FOODS_1_001,CA,CA_1,2014-03-17,4.0
FOODS_1,FOODS,FOODS_1_001,CA,CA_1,2014-03-24,3.0
FOODS_1,FOODS,FOODS_1_001,CA,CA_1,2014-03-31,4.0
FOODS_1,FOODS,FOODS_1_001,CA,CA_1,2014-04-07,5.0
FOODS_1,FOODS,FOODS_1_001,CA,CA_1,2014-04-14,6.0
FOODS_1,FOODS,FOODS_1_001,CA,CA_1,2014-04-21,15.0
FOODS_1,FOODS,FOODS_1_001,CA,CA_1,2014-04-28,2.0
FOODS_1,FOODS,FOODS_1_001,CA,CA_1,2014-05-05,8.0
FOODS_1,FOODS,FOODS_1_001,CA,CA_1,2014-05-12,6.0
FOODS_1,FOODS,FOODS_1_001,CA,CA_1,2014-05-19,9.0
FOODS_1,FOODS,FOODS_1_001,CA,CA_1,2014-05-26,2.0
FOODS_1,FOODS,FOODS_1_001,CA,CA_1,2014-06-02,8.0
FOODS_1,FOODS,FOODS_1_001,CA,CA_1,2014-06-09,5.0
FOODS_1,FOODS,FOODS_1_001,CA,CA_1,2014-06-16,8.0
FOODS_1,FOODS,FOODS_1_001,CA,CA_1,2014-06-23,6.0
FOODS_1,FOODS,FOODS_1_001,CA,CA_1,2014-06-30,6.0
FOODS_1,FOODS,FOODS_1_001,CA,CA_1,2014-07-07,1.0
FOODS_1,FOODS,FOODS_1_001,CA,CA_1,2014-07-14,2.0
FOODS_1,FOODS,FOODS_1_001,CA,CA_1,2014-07-21,6.0
FOODS_1,FOODS,FOODS_1_001,CA,CA_1,2014-07-28,5.0
FOODS_1,FOODS,FOODS_1_001,CA,CA_1,2014-08-04,3.0
FOODS_1,FOODS,FOODS_1_001,CA,CA_1,2014-08-11,10.0
FOODS_1,FOODS,FOODS_1_001,CA,CA_1,2014-08-18,4.0
FOODS_1,FOODS,FOODS_1_001,CA,CA_1,2014-08-25,3.0
FOODS_1,FOODS,FOODS_1_001,CA,CA_1,2014-09-01,9.0
FOODS_1,FOODS,FOODS_1_001,CA,CA_1,2014-09-08,11.0
FOODS_1,FOODS,FOODS_1_001,CA,CA_1,2014-09-15,5.0
FOODS_1,FOODS,FOODS_1_001,CA,CA_1,2014-09-22,2.0
FOODS_1,FOODS,FOODS_1_001,CA,CA_1,2014-09-29,3.0
FOODS_1,FOODS,FOODS_1_001,CA,CA_1,2014-10-06,9.0
FOODS_1,FOODS,FOODS_1_001,CA,CA_1,2014-10-13,4.0
FOODS_1,FOODS,FOODS_1_001,CA,CA_1,2014-10-20,6.0
FOODS_1,FOODS,FOODS_1_001,CA,CA_1,2014-10-27,6.0
FOODS_1,FOODS,FOODS_1_001,CA,CA_1,2014-11-03,3.0
FOODS_1,FOODS,FOODS_1_001,CA,CA_1,2014-11-10,5.0
FOODS_1,FOODS,FOODS_1_001,CA,CA_1,2014-11-17,6.0
FOODS_1,FOODS,FOODS_1_001,CA,CA_1,2014-11-24,3.0
FOODS_1,FOODS,FOODS_1_001,CA,CA_1,2014-12-01,0.0
FOODS_1,FOODS,FOODS_1_001,CA,CA_1,2014-12-08,6.0
FOODS_1,FOODS,FOODS_1_001,CA,CA_1,2014-12-15,10.0
FOODS_1,FOODS,FOODS_1_001,CA,CA_1,2014-12-22,7.0
FOODS_1,FOODS,FOODS_1_001,CA,CA_1,2014-12-29,6.0
FOODS_1,FOODS,FOODS_1_001,CA,CA_1,2015-01-05,9.0
FOODS_1,FOODS,FOODS_1_001,CA,CA_1,2015-01-12,10.0
FOODS_1,FOODS,FOODS_1_001,CA,CA_1,2015-01-19,0.0
FOODS_1,FOODS,FOODS_1_001,CA,CA_1,2015-01-26,5.0
FOODS_1,FOODS,FOODS_1_001,CA,CA_1,2015-02-02,4.0
FOODS_1,FOODS,FOODS_1_001,CA,CA_1,2015-02-09,3.0
FOODS_1,FOODS,FOODS_1_001,CA,CA_1,2015-02-16,10.0
FOODS_1,FOODS,FOODS_1_001,CA,CA_1,2015-02-23,2.0
FOODS_1,FOODS,FOODS_1_001,CA,CA_1,2015-03-02,2.0
FOODS_1,FOODS,FOODS_1_001,CA,CA_1,2015-03-09,10.0
FOODS_1,FOODS,FOODS_1_001,CA,CA_1,2015-03-16,8.0
FOODS_1,FOODS,FOODS_1_001,CA,CA_1,2015-03-23,1.0
FOODS_1,FOODS,FOODS_1_001,CA,CA_1,2015-03-30,0.0
FOODS_1,FOODS,FOODS_1_001,CA,CA_1,2015-04-06,5.0
FOODS_1,FOODS,FOODS_1_001,CA,CA_1,2015-04-13,5.0
FOODS_1,FOODS,FOODS_1_001,CA,CA_1,2015-04-20,4.0
FOODS_1,FOODS,FOODS_1_001,CA,CA_1,2015-04-27,6.0
FOODS_1,FOODS,FOODS_1_001,CA,CA_1,2015-05-04,5.0
FOODS_1,FOODS,FOODS_1_001,CA,CA_1,2015-05-11,3.0
FOODS_1,FOODS,FOODS_1_001,CA,CA_1,2015-05-18,3.0
FOODS_1,FOODS,FOODS_1_001,CA,CA_1,2015-05-25,3.0
FOODS_1,FOODS,FOODS_1_001,CA,CA_1,2015-06-01,7.0
FOODS_1,FOODS,FOODS_1_001,CA,CA_1,2015-06-08,7.0
FOODS_1,FOODS,FOODS_1_001,CA,CA_1,2015-06-15,5.0
FOODS_1,FOODS,FOODS_1_001,CA,CA_1,2015-06-22,2.0
FOODS_1,FOODS,FOODS_1_001,CA,CA_1,2015-06-29,1.0
FOODS_1,FOODS,FOODS_1_001,CA,CA_1,2015-07-06,3.0
FOODS_1,FOODS,FOODS_1_001,CA,CA_1,2015-07-13,5.0
FOODS_1,FOODS,FOODS_1_001,CA,CA_1,2015-07-20,6.0
FOODS_1,FOODS,FOODS_1_001,CA,CA_1,2015-07-27,1.0
FOODS_1,FOODS,FOODS_1_001,CA,CA_1,2015-08-03,2.0
FOODS_1,FOODS,FOODS_1_001,CA,CA_1,2015-08-10,5.0
FOODS_1,FOODS,FOODS_1_001,CA,CA_1,2015-08-17,2.0
FOODS_1,FOODS,FOODS_1_001,CA,CA_1,2015-08-24,7.0
FOODS_1,FOODS,FOODS_1_001,CA,CA_1,2015-08-31,3.0
FOODS_1,FOODS,FOODS_1_001,CA,CA_1,2015-09-07,1.0
FOODS_1,FOODS,FOODS_1_001,CA,CA_1,2015-09-14,5.0
FOODS_1,FOODS,FOODS_1_001,CA,CA_1,2015-09-21,6.0
FOODS_1,FOODS,FOODS_1_001,CA,CA_1,2015-09-28,3.0
FOODS_1,FOODS,FOODS_1_001,CA,CA_1,2015-10-05,4.0
FOODS_1,FOODS,FOODS_1_001,CA,CA_1,2015-10-12,7.0
FOODS_1,FOODS,FOODS_1_001,CA,CA_1,2015-10-19,2.0
FOODS_1,FOODS,FOODS_1_001,CA,CA_1,2015-10-26,3.0
FOODS_1,FOODS,FOODS_1_001,CA,CA_1,2015-11-02,4.0
FOODS_1,FOODS,FOODS_1_001,CA,CA_1,2015-11-09,2.0
FOODS_1,FOODS,FOODS_1_001,CA,CA_1,2015-11-16,5.0
FOODS_1,FOODS,FOODS_1_001,CA,CA_1,2015-11-23,10.0
FOODS_1,FOODS,FOODS_1_001,CA,CA_1,2015-11-30,5.0
FOODS_1,FOODS,FOODS_1_001,CA,CA_1,2015-12-07,6.0
FOODS_1,FOODS,FOODS_1_001,CA,CA_1,2015-12-14,11.0
FOODS_1,FOODS,FOODS_1_001,CA,CA_1,2015-12-21,3.0
FOODS_1,FOODS,FOODS_1_001,CA,CA_1,2015-12-28,4.0
FOODS_1,FOODS,FOODS_1_001,CA,CA_1,2016-01-04,3.0
FOODS_1,FOODS,FOODS_1_001,CA,CA_1,2016-01-11,3.0
FOODS_1,FOODS,FOODS_1_001,CA,CA_1,2016-01-18,3.0
FOODS_1,FOODS,FOODS_1_001,CA,CA_1,2016-01-25,1.0
FOODS_1,FOODS,FOODS_1_001,CA,CA_1,2016-02-01,7.0
FOODS_1,FOODS,FOODS_1_001,CA,CA_1,2016-02-08,10.0
FOODS_1,FOODS,FOODS_1_001,CA,CA_1,2016-02-15,5.0
FOODS_1,FOODS,FOODS_1_001,CA,CA_1,2016-02-22,4.0
FOODS_1,FOODS,FOODS_1_001,CA,CA_1,2016-02-29,2.0
FOODS_1,FOODS,FOODS_1_001,CA,CA_1,2016-03-07,3.0
FOODS_1,FOODS,FOODS_1_001,CA,CA_1,2016-03-14,7.0
FOODS_1,FOODS,FOODS_1_001,CA,CA_1,2016-03-21,7.0
FOODS_1,FOODS,FOODS_1_001,CA,CA_1,2016-03-28,8.0
FOODS_1,FOODS,FOODS_1_001,CA,CA_1,2016-04-04,10.0
FOODS_1,FOODS,FOODS_1_001,CA,CA_1,2016-04-11,9.0
FOODS_1,FOODS,FOODS_1_001,CA,CA_1,2016-04-18,8.0
FOODS_1,FOODS,FOODS_1_001,CA,CA_1,2016-04-25,4.0
FOODS_1,FOODS,FOODS_1_001,CA,CA_1,2016-05-02,0.0
FOODS_1,FOODS,FOODS_1_001,CA,CA_1,2016-05-09,0.0
FOODS_1,FOODS,FOODS_1_001,CA,CA_1,2016-05-16,0.0
FOODS_1,FOODS,FOODS_1_001,CA,CA_1,2016-05-23,0.0
FOODS_1,FOODS,FOODS_1_001,CA,CA_1,2016-05-30,0.0
FOODS_1,FOODS,FOODS_1_001,CA,CA_1,2016-06-06,0.0
FOODS_1,FOODS,FOODS_1_001,CA,CA_1,2016-06-13,0.0
FOODS_1,FOODS,FOODS_1_001,CA,CA_1,2016-06-20,0.0
FOODS_1,FOODS,FOODS_1_001,TX,TX_1,2014-01-06,0.0
FOODS_1,FOODS,FOODS_1_001,TX,TX_1,2014-01-13,0.0
FOODS_1,FOODS,FOODS_1_001,TX,TX_1,2014-01-20,0.0
FOODS_1,FOODS,FOODS_1_001,TX,TX_1,2014-01-27,0.0
FOODS_1,FOODS,FOODS_1_001,TX,TX_1,2014-02-03,0.0
FOODS_1,FOODS,FOODS_1_001,TX,TX_1,2014-02-10,3.0
FOODS_1,FOODS,FOODS_1_001,TX,TX_1,2014-02-17,5.0
FOODS_1,FOODS,FOODS_1_001,TX,TX_1,2014-02-24,4.0
FOODS_1,FOODS,FOODS_1_001,TX,TX_1,2014-03-03,1.0
FOODS_1,FOODS,FOODS_1_001,TX,TX_1,2014-03-10,0.0
FOODS_1,FOODS,FOODS_1_001,TX,TX_1,2014-03-17,1.0
FOODS_1,FOODS,FOODS_1_001,TX,TX_1,2014-03-24,2.0
FOODS_1,FOODS,FOODS_1_001,TX,TX_1,2014-03-31,9.0
FOODS_1,FOODS,FOODS_1_001,TX,TX_1,2014-04-07,5.0
FOODS_1,FOODS,FOODS_1_001,TX,TX_1,2014-04-14,3.0
FOODS_1,FOODS,FOODS_1_001,TX,TX_1,2014-04-21,0.0
FOODS_1,FOODS,FOODS_1_001,TX,TX_1,2014-04-28,2.0
FOODS_1,FOODS,FOODS_1_001,TX,TX_1,2014-05-05,2.0
FOODS_1,FOODS,FOODS_1_001,TX,TX_1,2014-05-12,0.0
FOODS_1,FOODS,FOODS_1_001,TX,TX_1,2014-05-19,7.0
FOODS_1,FOODS,FOODS_1_001,TX,TX_1,2014-05-26,0.0
FOODS_1,FOODS,FOODS_1_001,TX,TX_1,2014-06-02,3.0
FOODS_1,FOODS,FOODS_1_001,TX,TX_1,2014-06-09,6.0
FOODS_1,FOODS,FOODS_1_001,TX,TX_1,2014-06-16,1.0
FOODS_1,FOODS,FOODS_1_001,TX,TX_1,2014-06-23,5.0
FOODS_1,FOODS,FOODS_1_001,TX,TX_1,2014-06-30,2.0
FOODS_1,FOODS,FOODS_1_001,TX,TX_1,2014-07-07,0.0
FOODS_1,FOODS,FOODS_1_001,TX,TX_1,2014-07-14,1.0
FOODS_1,FOODS,FOODS_1_001,TX,TX_1,2014-07-21,2.0
FOODS_1,FOODS,FOODS_1_001,TX,TX_1,2014-07-28,2.0
FOODS_1,FOODS,FOODS_1_001,TX,TX_1,2014-08-04,0.0
FOODS_1,FOODS,FOODS_1_001,TX,TX_1,2014-08-11,1.0
FOODS_1,FOODS,FOODS_1_001,TX,TX_1,2014-08-18,1.0
FOODS_1,FOODS,FOODS_1_001,TX,TX_1,2014-08-25,0.0
FOODS_1,FOODS,FOODS_1_001,TX,TX_1,2014-09-01,2.0
FOODS_1,FOODS,FOODS_1_001,TX,TX_1,2014-09-08,9.0
FOODS_1,FOODS,FOODS_1_001,TX,TX_1,2014-09-15,2.0
FOODS_1,FOODS,FOODS_1_001,TX,TX_1,2014-09-22,4.0
FOODS_1,FOODS,FOODS_1_001,TX,TX_1,2014-09-29,3.0
FOODS_1,FOODS,FOODS_1_001,TX,TX_1,2014-10-06,1.0
FOODS_1,FOODS,FOODS_1_001,TX,TX_1,2014-10-13,9.0
FOODS_1,FOODS,FOODS_1_001,TX,TX_1,2014-10-20,2.0
FOODS_1,FOODS,FOODS_1_001,TX,TX_1,2014-10-27,8.0
FOODS_1,FOODS,FOODS_1_001,TX,TX_1,2014-11-03,5.0
FOODS_1,FOODS,FOODS_1_001,TX,TX_1,2014-11-10,4.0
FOODS_1,FOODS,FOODS_1_001,TX,TX_1,2014-11-17,10.0
FOODS_1,FOODS,FOODS_1_001,TX,TX_1,2014-11-24,5.0
FOODS_1,FOODS,FOODS_1_001,TX,TX_1,2014-12-01,5.0
FOODS_1,FOODS,FOODS_1_001,TX,TX_1,2014-12-08,11.0
FOODS_1,FOODS,FOODS_1_001,TX,TX_1,2014-12-15,1.0
FOODS_1,FOODS,FOODS_1_001,TX,TX_1,2014-12-22,5.0
FOODS_1,FOODS,FOODS_1_001,TX,TX_1,2014-12-29,1.0
FOODS_1,FOODS,FOODS_1_001,TX,TX_1,2015-01-05,0.0
FOODS_1,FOODS,FOODS_1_001,TX,TX_1,2015-01-12,7.0
FOODS_1,FOODS,FOODS_1_001,TX,TX_1,2015-01-19,4.0
FOODS_1,FOODS,FOODS_1_001,TX,TX_1,2015-01-26,12.000001
FOODS_1,FOODS,FOODS_1_001,TX,TX_1,2015-02-02,3.0
FOODS_1,FOODS,FOODS_1_001,TX,TX_1,2015-02-09,4.0
FOODS_1,FOODS,FOODS_1_001,TX,TX_1,2015-02-16,3.0
FOODS_1,FOODS,FOODS_1_001,TX,TX_1,2015-02-23,11.0
FOODS_1,FOODS,FOODS_1_001,TX,TX_1,2015-03-02,7.0
FOODS_1,FOODS,FOODS_1_001,TX,TX_1,2015-03-09,7.0
FOODS_1,FOODS,FOODS_1_001,TX,TX_1,2015-03-16,1.0
FOODS_1,FOODS,FOODS_1_001,TX,TX_1,2015-03-23,2.0
FOODS_1,FOODS,FOODS_1_001,TX,TX_1,2015-03-30,2.0
FOODS_1,FOODS,FOODS_1_001,TX,TX_1,2015-04-06,2.0
FOODS_1,FOODS,FOODS_1_001,TX,TX_1,2015-04-13,2.0
FOODS_1,FOODS,FOODS_1_001,TX,TX_1,2015-04-20,4.0
FOODS_1,FOODS,FOODS_1_001,TX,TX_1,2015-04-27,2.0
FOODS_1,FOODS,FOODS_1_001,TX,TX_1,2015-05-04,2.0
FOODS_1,FOODS,FOODS_1_001,TX,TX_1,2015-05-11,6.0
FOODS_1,FOODS,FOODS_1_001,TX,TX_1,2015-05-18,3.0
FOODS_1,FOODS,FOODS_1_001,TX,TX_1,2015-05-25,0.0
FOODS_1,FOODS,FOODS_1_001,TX,TX_1,2015-06-01,4.0
FOODS_1,FOODS,FOODS_1_001,TX,TX_1,2015-06-08,2.0
FOODS_1,FOODS,FOODS_1_001,TX,TX_1,2015-06-15,2.0
FOODS_1,FOODS,FOODS_1_001,TX,TX_1,2015-06-22,4.0
FOODS_1,FOODS,FOODS_1_001,TX,TX_1,2015-06-29,2.0
FOODS_1,FOODS,FOODS_1_001,TX,TX_1,2015-07-06,3.0
FOODS_1,FOODS,FOODS_1_001,TX,TX_1,2015-07-13,1.0
FOODS_1,FOODS,FOODS_1_001,TX,TX_1,2015-07-20,4.0
FOODS_1,FOODS,FOODS_1_001,TX,TX_1,2015-07-27,2.0
FOODS_1,FOODS,FOODS_1_001,TX,TX_1,2015-08-03,8.0
FOODS_1,FOODS,FOODS_1_001,TX,TX_1,2015-08-10,4.0
FOODS_1,FOODS,FOODS_1_001,TX,TX_1,2015-08-17,4.0
FOODS_1,FOODS,FOODS_1_001,TX,TX_1,2015-08-24,3.0
FOODS_1,FOODS,FOODS_1_001,TX,TX_1,2015-08-31,1.0
FOODS_1,FOODS,FOODS_1_001,TX,TX_1,2015-09-07,8.0
FOODS_1,FOODS,FOODS_1_001,TX,TX_1,2015-09-14,3.0
FOODS_1,FOODS,FOODS_1_001,TX,TX_1,2015-09-21,1.0
FOODS_1,FOODS,FOODS_1_001,TX,TX_1,2015-09-28,1.0
FOODS_1,FOODS,FOODS_1_001,TX,TX_1,2015-10-05,6.0
FOODS_1,FOODS,FOODS_1_001,TX,TX_1,2015-10-12,1.0
FOODS_1,FOODS,FOODS_1_001,TX,TX_1,2015-10-19,5.0
FOODS_1,FOODS,FOODS_1_001,TX,TX_1,2015-10-26,3.0
FOODS_1,FOODS,FOODS_1_001,TX,TX_1,2015-11-02,1.0
FOODS_1,FOODS,FOODS_1_001,TX,TX_1,2015-11-09,4.0
FOODS_1,FOODS,FOODS_1_001,TX,TX_1,2015-11-16,3.0
FOODS_1,FOODS,FOODS_1_001,TX,TX_1,2015-11-23,3.0
FOODS_1,FOODS,FOODS_1_001,TX,TX_1,2015-11-30,7.0
FOODS_1,FOODS,FOODS_1_001,TX,TX_1,2015-12-07,3.0
FOODS_1,FOODS,FOODS_1_001,TX,TX_1,2015-12-14,2.0
FOODS_1,FOODS,FOODS_1_001,TX,TX_1,2015-12-21,17.0
FOODS_1,FOODS,FOODS_1_001,TX,TX_1,2015-12-28,1.0
FOODS_1,FOODS,FOODS_1_001,TX,TX_1,2016-01-04,25.000002
FOODS_1,FOODS,FOODS_1_001,TX,TX_1,2016-01-11,7.0
FOODS_1,FOODS,FOODS_1_001,TX,TX_1,2016-01-18,11.0
FOODS_1,FOODS,FOODS_1_001,TX,TX_1,2016-01-25,2.0
FOODS_1,FOODS,FOODS_1_001,TX,TX_1,2016-02-01,0.0
FOODS_1,FOODS,FOODS_1_001,TX,TX_1,2016-02-08,2.0
FOODS_1,FOODS,FOODS_1_001,TX,TX_1,2016-02-15,4.0
FOODS_1,FOODS,FOODS_1_001,TX,TX_1,2016-02-22,1.0
FOODS_1,FOODS,FOODS_1_001,TX,TX_1,2016-02-29,1.0
FOODS_1,FOODS,FOODS_1_001,TX,TX_1,2016-03-07,4.0
FOODS_1,FOODS,FOODS_1_001,TX,TX_1,2016-03-14,3.0
FOODS_1,FOODS,FOODS_1_001,TX,TX_1,2016-03-21,7.0
FOODS_1,FOODS,FOODS_1_001,TX,TX_1,2016-03-28,3.0
FOODS_1,FOODS,FOODS_1_001,TX,TX_1,2016-04-04,0.0
FOODS_1,FOODS,FOODS_1_001,TX,TX_1,2016-04-11,1.0
FOODS_1,FOODS,FOODS_1_001,TX,TX_1,2016-04-18,0.0
FOODS_1,FOODS,FOODS_1_001,TX,TX_1,2016-04-25,0.0
FOODS_1,FOODS,FOODS_1_001,TX,TX_1,2016-05-02,0.0
FOODS_1,FOODS,FOODS_1_001,TX,TX_1,2016-05-09,0.0
FOODS_1,FOODS,FOODS_1_001,TX,TX_1,2016-05-16,0.0
FOODS_1,FOODS,FOODS_1_001,TX,TX_1,2016-05-23,0.0
FOODS_1,FOODS,FOODS_1_001,TX,TX_1,2016-05-30,0.0
FOODS_1,FOODS,FOODS_1_001,TX,TX_1,2016-06-06,0.0
FOODS_1,FOODS,FOODS_1_001,TX,TX_1,2016-06-13,0.0
FOODS_1,FOODS,FOODS_1_001,TX,TX_1,2016-06-20,0.0
FOODS_1,FOODS,FOODS_1_001,WI,WI_1,2014-01-06,0.0
FOODS_1,FOODS,FOODS_1_001,WI,WI_1,2014-01-13,0.0
FOODS_1,FOODS,FOODS_1_001,WI,WI_1,2014-01-20,0.0
FOODS_1,FOODS,FOODS_1_001,WI,WI_1,2014-01-27,0.0
FOODS_1,FOODS,FOODS_1_001,WI,WI_1,2014-02-03,0.0
FOODS_1,FOODS,FOODS_1_001,WI,WI_1,2014-02-10,8.0
FOODS_1,FOODS,FOODS_1_001,WI,WI_1,2014-02-17,1.0
FOODS_1,FOODS,FOODS_1_001,WI,WI_1,2014-02-24,3.0
FOODS_1,FOODS,FOODS_1_001,WI,WI_1,2014-03-03,4.0
FOODS_1,FOODS,FOODS_1_001,WI,WI_1,2014-03-10,2.0
FOODS_1,FOODS,FOODS_1_001,WI,WI_1,2014-03-17,2.0
FOODS_1,FOODS,FOODS_1_001,WI,WI_1,2014-03-24,4.0
FOODS_1,FOODS,FOODS_1_001,WI,WI_1,2014-03-31,3.0
FOODS_1,FOODS,FOODS_1_001,WI,WI_1,2014-04-07,5.0
FOODS_1,FOODS,FOODS_1_001,WI,WI_1,2014-04-14,4.0
FOODS_1,FOODS,FOODS_1_001,WI,WI_1,2014-04-21,7.0
FOODS_1,FOODS,FOODS_1_001,WI,WI_1,2014-04-28,1.0
FOODS_1,FOODS,FOODS_1_001,WI,WI_1,2014-05-05,5.0
FOODS_1,FOODS,FOODS_1_001,WI,WI_1,2014-05-12,3.0
FOODS_1,FOODS,FOODS_1_001,WI,WI_1,2014-05-19,2.0
FOODS_1,FOODS,FOODS_1_001,WI,WI_1,2014-05-26,2.0
FOODS_1,FOODS,FOODS_1_001,WI,WI_1,2014-06-02,1.0
FOODS_1,FOODS,FOODS_1_001,WI,WI_1,2014-06-09,2.0
FOODS_1,FOODS,FOODS_1_001,WI,WI_1,2014-06-16,2.0
FOODS_1,FOODS,FOODS_1_001,WI,WI_1,2014-06-23,6.0
FOODS_1,FOODS,FOODS_1_001,WI,WI_1,2014-06-30,3.0
FOODS_1,FOODS,FOODS_1_001,WI,WI_1,2014-07-07,2.0
FOODS_1,FOODS,FOODS_1_001,WI,WI_1,2014-07-14,1.0
FOODS_1,FOODS,FOODS_1_001,WI,WI_1,2014-07-21,3.0
FOODS_1,FOODS,FOODS_1_001,WI,WI_1,2014-07-28,2.0
FOODS_1,FOODS,FOODS_1_001,WI,WI_1,2014-08-04,3.0
FOODS_1,FOODS,FOODS_1_001,WI,WI_1,2014-08-11,5.0
FOODS_1,FOODS,FOODS_1_001,WI,WI_1,2014-08-18,4.0
FOODS_1,FOODS,FOODS_1_001,WI,WI_1,2014-08-25,1.0
FOODS_1,FOODS,FOODS_1_001,WI,WI_1,2014-09-01,6.0
FOODS_1,FOODS,FOODS_1_001,WI,WI_1,2014-09-08,4.0
FOODS_1,FOODS,FOODS_1_001,WI,WI_1,2014-09-15,3.0
FOODS_1,FOODS,FOODS_1_001,WI,WI_1,2014-09-22,1.0
FOODS_1,FOODS,FOODS_1_001,WI,WI_1,2014-09-29,3.0
FOODS_1,FOODS,FOODS_1_001,WI,WI_1,2014-10-06,7.0
FOODS_1,FOODS,FOODS_1_001,WI,WI_1,2014-10-13,4.0
FOODS_1,FOODS,FOODS_1_001,WI,WI_1,2014-10-20,6.0
FOODS_1,FOODS,FOODS_1_001,WI,WI_1,2014-10-27,3.0
FOODS_1,FOODS,FOODS_1_001,WI,WI_1,2014-11-03,4.0
FOODS_1,FOODS,FOODS_1_001,WI,WI_1,2014-11-10,2.0
FOODS_1,FOODS,FOODS_1_001,WI,WI_1,2014-11-17,2.0
FOODS_1,FOODS,FOODS_1_001,WI,WI_1,2014-11-24,2.0
FOODS_1,FOODS,FOODS_1_001,WI,WI_1,2014-12-01,3.0
FOODS_1,FOODS,FOODS_1_001,WI,WI_1,2014-12-08,4.0
FOODS_1,FOODS,FOODS_1_001,WI,WI_1,2014-12-15,4.0
FOODS_1,FOODS,FOODS_1_001,WI,WI_1,2014-12-22,2.0
FOODS_1,FOODS,FOODS_1_001,WI,WI_1,2014-12-29,6.0
FOODS_1,FOODS,FOODS_1_001,WI,WI_1,2015-01-05,5.0
FOODS_1,FOODS,FOODS_1_001,WI,WI_1,2015-01-12,7.0
FOODS_1,FOODS,FOODS_1_001,WI,WI_1,2015-01-19,3.0
FOODS_1,FOODS,FOODS_1_001,WI,WI_1,2015-01-26,5.0
FOODS_1,FOODS,FOODS_1_001,WI,WI_1,2015-02-02,4.0
FOODS_1,FOODS,FOODS_1_001,WI,WI_1,2015-02-09,4.0
FOODS_1,FOODS,FOODS_1_001,WI,WI_1,2015-02-16,1.0
FOODS_1,FOODS,FOODS_1_001,WI,WI_1,2015-02-23,5.0
FOODS_1,FOODS,FOODS_1_001,WI,WI_1,2015-03-02,8.0
FOODS_1,FOODS,FOODS_1_001,WI,WI_1,2015-03-09,3.0
FOODS_1,FOODS,FOODS_1_001,WI,WI_1,2015-03-16,2.0
FOODS_1,FOODS,FOODS_1_001,WI,WI_1,2015-03-23,4.0
FOODS_1,FOODS,FOODS_1_001,WI,WI_1,2015-03-30,3.0
FOODS_1,FOODS,FOODS_1_001,WI,WI_1,2015-04-06,2.0
FOODS_1,FOODS,FOODS_1_001,WI,WI_1,2015-04-13,2.0
FOODS_1,FOODS,FOODS_1_001,WI,WI_1,2015-04-20,1.0
FOODS_1,FOODS,FOODS_1_001,WI,WI_1,2015-04-27,2.0
FOODS_1,FOODS,FOODS_1_001,WI,WI_1,2015-05-04,4.0
FOODS_1,FOODS,FOODS_1_001,WI,WI_1,2015-05-11,5.0
FOODS_1,FOODS,FOODS_1_001,WI,WI_1,2015-05-18,2.0
FOODS_1,FOODS,FOODS_1_001,WI,WI_1,2015-05-25,2.0
FOODS_1,FOODS,FOODS_1_001,WI,WI_1,2015-06-01,1.0
FOODS_1,FOODS,FOODS_1_001,WI,WI_1,2015-06-08,3.0
FOODS_1,FOODS,FOODS_1_001,WI,WI_1,2015-06-15,4.0
FOODS_1,FOODS,FOODS_1_001,WI,WI_1,2015-06-22,0.0
FOODS_1,FOODS,FOODS_1_001,WI,WI_1,2015-06-29,3.0
FOODS_1,FOODS,FOODS_1_001,WI,WI_1,2015-07-06,2.0
FOODS_1,FOODS,FOODS_1_001,WI,WI_1,2015-07-13,7.0
FOODS_1,FOODS,FOODS_1_001,WI,WI_1,2015-07-20,4.0
FOODS_1,FOODS,FOODS_1_001,WI,WI_1,2015-07-27,5.0
FOODS_1,FOODS,FOODS_1_001,WI,WI_1,2015-08-03,2.0
FOODS_1,FOODS,FOODS_1_001,WI,WI_1,2015-08-10,5.0
FOODS_1,FOODS,FOODS_1_001,WI,WI_1,2015-08-17,1.0
FOODS_1,FOODS,FOODS_1_001,WI,WI_1,2015-08-24,5.0
FOODS_1,FOODS,FOODS_1_001,WI,WI_1,2015-08-31,3.0
FOODS_1,FOODS,FOODS_1_001,WI,WI_1,2015-09-07,3.0
FOODS_1,FOODS,FOODS_1_001,WI,WI_1,2015-09-14,6.0
FOODS_1,FOODS,FOODS_1_001,WI,WI_1,2015-09-21,4.0
FOODS_1,FOODS,FOODS_1_001,WI,WI_1,2015-09-28,1.0
FOODS_1,FOODS,FOODS_1_001,WI,WI_1,2015-10-05,1.0
FOODS_1,FOODS,FOODS_1_001,WI,WI_1,2015-10-12,3.0
FOODS_1,FOODS,FOODS_1_001,WI,WI_1,2015-10-19,0.0
FOODS_1,FOODS,FOODS_1_001,WI,WI_1,2015-10-26,0.0
FOODS_1,FOODS,FOODS_1_001,WI,WI_1,2015-11-02,2.0
FOODS_1,FOODS,FOODS_1_001,WI,WI_1,2015-11-09,4.0
FOODS_1,FOODS,FOODS_1_001,WI,WI_1,2015-11-16,1.0
FOODS_1,FOODS,FOODS_1_001,WI,WI_1,2015-11-23,3.0
FOODS_1,FOODS,FOODS_1_001,WI,WI_1,2015-11-30,6.0
FOODS_1,FOODS,FOODS_1_001,WI,WI_1,2015-12-07,3.0
FOODS_1,FOODS,FOODS_1_001,WI,WI_1,2015-12-14,0.0
FOODS_1,FOODS,FOODS_1_001,WI,WI_1,2015-12-21,5.0
FOODS_1,FOODS,FOODS_1_001,WI,WI_1,2015-12-28,0.0
FOODS_1,FOODS,FOODS_1_001,WI,WI_1,2016-01-04,1.0
FOODS_1,FOODS,FOODS_1_001,WI,WI_1,2016-01-11,4.0
FOODS_1,FOODS,FOODS_1_001,WI,WI_1,2016-01-18,2.0
FOODS_1,FOODS,FOODS_1_001,WI,WI_1,2016-01-25,2.0
FOODS_1,FOODS,FOODS_1_001,WI,WI_1,2016-02-01,4.0
FOODS_1,FOODS,FOODS_1_001,WI,WI_1,2016-02-08,4.0
FOODS_1,FOODS,FOODS_1_001,WI,WI_1,2016-02-15,8.0
FOODS_1,FOODS,FOODS_1_001,WI,WI_1,2016-02-22,4.0
FOODS_1,FOODS,FOODS_1_001,WI,WI_1,2016-02-29,1.0
FOODS_1,FOODS,FOODS_1_001,WI,WI_1,2016-03-07,1.0
FOODS_1,FOODS,FOODS_1_001,WI,WI_1,2016-03-14,3.0
FOODS_1,FOODS,FOODS_1_001,WI,WI_1,2016-03-21,2.0
FOODS_1,FOODS,FOODS_1_001,WI,WI_1,2016-03-28,5.0
FOODS_1,FOODS,FOODS_1_001,WI,WI_1,2016-04-04,2.0
FOODS_1,FOODS,FOODS_1_001,WI,WI_1,2016-04-11,2.0
FOODS_1,FOODS,FOODS_1_001,WI,WI_1,2016-04-18,1.0
FOODS_1,FOODS,FOODS_1_001,WI,WI_1,2016-04-25,11.0
FOODS_1,FOODS,FOODS_1_001,WI,WI_1,2016-05-02,0.0
FOODS_1,FOODS,FOODS_1_001,WI,WI_1,2016-05-09,0.0
FOODS_1,FOODS,FOODS_1_001,WI,WI_1,2016-05-16,0.0
FOODS_1,FOODS,FOODS_1_001,WI,WI_1,2016-05-23,0.0
FOODS_1,FOODS,FOODS_1_001,WI,WI_1,2016-05-30,0.0
FOODS_1,FOODS,FOODS_1_001,WI,WI_1,2016-06-06,0.0
FOODS_1,FOODS,FOODS_1_001,WI,WI_1,2016-06-13,0.0
FOODS_1,FOODS,FOODS_1_001,WI,WI_1,2016-06-20,0.0
FOODS_1,FOODS,FOODS_1_002,CA,CA_1,2014-01-06,0.0
FOODS_1,FOODS,FOODS_1_002,CA,CA_1,2014-01-13,0.0
FOODS_1,FOODS,FOODS_1_002,CA,CA_1,2014-01-20,0.0
FOODS_1,FOODS,FOODS_1_002,CA,CA_1,2014-01-27,0.0
FOODS_1,FOODS,FOODS_1_002,CA,CA_1,2014-02-03,0.0
FOODS_1,FOODS,FOODS_1_002,CA,CA_1,2014-02-10,0.0
FOODS_1,FOODS,FOODS_1_002,CA,CA_1,2014-02-17,0.0
FOODS_1,FOODS,FOODS_1_002,CA,CA_1,2014-02-24,0.0
FOODS_1,FOODS,FOODS_1_002,CA,CA_1,2014-03-03,0.0
FOODS_1,FOODS,FOODS_1_002,CA,CA_1,2014-03-10,2.0
FOODS_1,FOODS,FOODS_1_002,CA,CA_1,2014-03-17,1.0
FOODS_1,FOODS,FOODS_1_002,CA,CA_1,2014-03-24,3.0
FOODS_1,FOODS,FOODS_1_002,CA,CA_1,2014-03-31,6.0
FOODS_1,FOODS,FOODS_1_002,CA,CA_1,2014-04-07,4.0
FOODS_1,FOODS,FOODS_1_002,CA,CA_1,2014-04-14,1.0
FOODS_1,FOODS,FOODS_1_002,CA,CA_1,2014-04-21,2.0
FOODS_1,FOODS,FOODS_1_002,CA,CA_1,2014-04-28,4.0
FOODS_1,FOODS,FOODS_1_002,CA,CA_1,2014-05-05,3.0
FOODS_1,FOODS,FOODS_1_002,CA,CA_1,2014-05-12,4.0
FOODS_1,FOODS,FOODS_1_002,CA,CA_1,2014-05-19,3.0
FOODS_1,FOODS,FOODS_1_002,CA,CA_1,2014-05-26,5.0
FOODS_1,FOODS,FOODS_1_002,CA,CA_1,2014-06-02,6.0
FOODS_1,FOODS,FOODS_1_002,CA,CA_1,2014-06-09,4.0
FOODS_1,FOODS,FOODS_1_002,CA,CA_1,2014-06-16,8.0
FOODS_1,FOODS,FOODS_1_002,CA,CA_1,2014-06-23,2.0
FOODS_1,FOODS,FOODS_1_002,CA,CA_1,2014-06-30,3.0
FOODS_1,FOODS,FOODS_1_002,CA,CA_1,2014-07-07,2.0
FOODS_1,FOODS,FOODS_1_002,CA,CA_1,2014-07-14,3.0
FOODS_1,FOODS,FOODS_1_002,CA,CA_1,2014-07-21,4.0
FOODS_1,FOODS,FOODS_1_002,CA,CA_1,2014-07-28,2.0
FOODS_1,FOODS,FOODS_1_002,CA,CA_1,2014-08-04,2.0
FOODS_1,FOODS,FOODS_1_002,CA,CA_1,2014-08-11,3.0
FOODS_1,FOODS,FOODS_1_002,CA,CA_1,2014-08-18,2.0
FOODS_1,FOODS,FOODS_1_002,CA,CA_1,2014-08-25,2.0
FOODS_1,FOODS,FOODS_1_002,CA,CA_1,2014-09-01,2.0
FOODS_1,FOODS,FOODS_1_002,CA,CA_1,2014-09-08,1.0
FOODS_1,FOODS,FOODS_1_002,CA,CA_1,2014-09-15,3.0
FOODS_1,FOODS,FOODS_1_002,CA,CA_1,2014-09-22,8.0
FOODS_1,FOODS,FOODS_1_002,CA,CA_1,2014-09-29,5.0
FOODS_1,FOODS,FOODS_1_002,CA,CA_1,2014-10-06,5.0
FOODS_1,FOODS,FOODS_1_002,CA,CA_1,2014-10-13,3.0
FOODS_1,FOODS,FOODS_1_002,CA,CA_1,2014-10-20,3.0
FOODS_1,FOODS,FOODS_1_002,CA,CA_1,2014-10-27,4.0
FOODS_1,FOODS,FOODS_1_002,CA,CA_1,2014-11-03,2.0
FOODS_1,FOODS,FOODS_1_002,CA,CA_1,2014-11-10,4.0
FOODS_1,FOODS,FOODS_1_002,CA,CA_1,2014-11-17,4.0
FOODS_1,FOODS,FOODS_1_002,CA,CA_1,2014-11-24,5.0
FOODS_1,FOODS,FOODS_1_002,CA,CA_1,2014-12-01,1.0
FOODS_1,FOODS,FOODS_1_002,CA,CA_1,2014-12-08,0.0
FOODS_1,FOODS,FOODS_1_002,CA,CA_1,2014-12-15,3.0
FOODS_1,FOODS,FOODS_1_002,CA,CA_1,2014-12-22,2.0
FOODS_1,FOODS,FOODS_1_002,CA,CA_1,2014-12-29,2.0
FOODS_1,FOODS,FOODS_1_002,CA,CA_1,2015-01-05,1.0
FOODS_1,FOODS,FOODS_1_002,CA,CA_1,2015-01-12,2.0
FOODS_1,FOODS,FOODS_1_002,CA,CA_1,2015-01-19,4.0
FOODS_1,FOODS,FOODS_1_002,CA,CA_1,2015-01-26,4.0
FOODS_1,FOODS,FOODS_1_002,CA,CA_1,2015-02-02,3.0
FOODS_1,FOODS,FOODS_1_002,CA,CA_1,2015-02-09,6.0
FOODS_1,FOODS,FOODS_1_002,CA,CA_1,2015-02-16,4.0
FOODS_1,FOODS,FOODS_1_002,CA,CA_1,2015-02-23,5.0
FOODS_1,FOODS,FOODS_1_002,CA,CA_1,2015-03-02,1.0
FOODS_1,FOODS,FOODS_1_002,CA,CA_1,2015-03-09,4.0
FOODS_1,FOODS,FOODS_1_002,CA,CA_1,2015-03-16,2.0
FOODS_1,FOODS,FOODS_1_002,CA,CA_1,2015-03-23,1.0
FOODS_1,FOODS,FOODS_1_002,CA,CA_1,2015-03-30,3.0
FOODS_1,FOODS,FOODS_1_002,CA,CA_1,2015-04-06,0.0
FOODS_1,FOODS,FOODS_1_002,CA,CA_1,2015-04-13,2.0
FOODS_1,FOODS,FOODS_1_002,CA,CA_1,2015-04-20,3.0
FOODS_1,FOODS,FOODS_1_002,CA,CA_1,2015-04-27,3.0
FOODS_1,FOODS,FOODS_1_002,CA,CA_1,2015-05-04,4.0
FOODS_1,FOODS,FOODS_1_002,CA,CA_1,2015-05-11,1.0
FOODS_1,FOODS,FOODS_1_002,CA,CA_1,2015-05-18,6.0
FOODS_1,FOODS,FOODS_1_002,CA,CA_1,2015-05-25,2.0
FOODS_1,FOODS,FOODS_1_002,CA,CA_1,2015-06-01,1.0
FOODS_1,FOODS,FOODS_1_002,CA,CA_1,2015-06-08,1.0
FOODS_1,FOODS,FOODS_1_002,CA,CA_1,2015-06-15,8.0
FOODS_1,FOODS,FOODS_1_002,CA,CA_1,2015-06-22,0.0
FOODS_1,FOODS,FOODS_1_002,CA,CA_1,2015-06-29,3.0
FOODS_1,FOODS,FOODS_1_002,CA,CA_1,2015-07-06,7.0
FOODS_1,FOODS,FOODS_1_002,CA,CA_1,2015-07-13,4.0
FOODS_1,FOODS,FOODS_1_002,CA,CA_1,2015-07-20,2.0
FOODS_1,FOODS,FOODS_1_002,CA,CA_1,2015-07-27,6.0
FOODS_1,FOODS,FOODS_1_002,CA,CA_1,2015-08-03,7.0
FOODS_1,FOODS,FOODS_1_002,CA,CA_1,2015-08-10,2.0
FOODS_1,FOODS,FOODS_1_002,CA,CA_1,2015-08-17,5.0
FOODS_1,FOODS,FOODS_1_002,CA,CA_1,2015-08-24,4.0
FOODS_1,FOODS,FOODS_1_002,CA,CA_1,2015-08-31,3.0
FOODS_1,FOODS,FOODS_1_002,CA,CA_1,2015-09-07,0.0
FOODS_1,FOODS,FOODS_1_002,CA,CA_1,2015-09-14,4.0
FOODS_1,FOODS,FOODS_1_002,CA,CA_1,2015-09-21,3.0
FOODS_1,FOODS,FOODS_1_002,CA,CA_1,2015-09-28,2.0
FOODS_1,FOODS,FOODS_1_002,CA,CA_1,2015-10-05,4.0
FOODS_1,FOODS,FOODS_1_002,CA,CA_1,2015-10-12,1.0
FOODS_1,FOODS,FOODS_1_002,CA,CA_1,2015-10-19,4.0
FOODS_1,FOODS,FOODS_1_002,CA,CA_1,2015-10-26,2.0
FOODS_1,FOODS,FOODS_1_002,CA,CA_1,2015-11-02,1.0
FOODS_1,FOODS,FOODS_1_002,CA,CA_1,2015-11-09,2.0
FOODS_1,FOODS,FOODS_1_002,CA,CA_1,2015-11-16,2.0
FOODS_1,FOODS,FOODS_1_002,CA,CA_1,2015-11-23,4.0
FOODS_1,FOODS,FOODS_1_002,CA,CA_1,2015-11-30,0.0
FOODS_1,FOODS,FOODS_1_002,CA,CA_1,2015-12-07,3.0
FOODS_1,FOODS,FOODS_1_002,CA,CA_1,2015-12-14,3.0
FOODS_1,FOODS,FOODS_1_002,CA,CA_1,2015-12-21,5.0
FOODS_1,FOODS,FOODS_1_002,CA,CA_1,2015-12-28,2.0
FOODS_1,FOODS,FOODS_1_002,CA,CA_1,2016-01-04,6.0
FOODS_1,FOODS,FOODS_1_002,CA,CA_1,2016-01-11,0.0
FOODS_1,FOODS,FOODS_1_002,CA,CA_1,2016-01-18,3.0
FOODS_1,FOODS,FOODS_1_002,CA,CA_1,2016-01-25,1.0
FOODS_1,FOODS,FOODS_1_002,CA,CA_1,2016-02-01,2.0
FOODS_1,FOODS,FOODS_1_002,CA,CA_1,2016-02-08,6.0
FOODS_1,FOODS,FOODS_1_002,CA,CA_1,2016-02-15,6.0
FOODS_1,FOODS,FOODS_1_002,CA,CA_1,2016-02-22,0.0
FOODS_1,FOODS,FOODS_1_002,CA,CA_1,2016-02-29,1.0
FOODS_1,FOODS,FOODS_1_002,CA,CA_1,2016-03-07,2.0
FOODS_1,FOODS,FOODS_1_002,CA,CA_1,2016-03-14,2.0
FOODS_1,FOODS,FOODS_1_002,CA,CA_1,2016-03-21,7.0
FOODS_1,FOODS,FOODS_1_002,CA,CA_1,2016-03-28,2.0
FOODS_1,FOODS,FOODS_1_002,CA,CA_1,2016-04-04,1.0
FOODS_1,FOODS,FOODS_1_002,CA,CA_1,2016-04-11,2.0
FOODS_1,FOODS,FOODS_1_002,CA,CA_1,2016-04-18,6.0
FOODS_1,FOODS,FOODS_1_002,CA,CA_1,2016-04-25,3.0
FOODS_1,FOODS,FOODS_1_002,CA,CA_1,2016-05-02,0.0
FOODS_1,FOODS,FOODS_1_002,CA,CA_1,2016-05-09,0.0
FOODS_1,FOODS,FOODS_1_002,CA,CA_1,2016-05-16,0.0
FOODS_1,FOODS,FOODS_1_002,CA,CA_1,2016-05-23,0.0
FOODS_1,FOODS,FOODS_1_002,CA,CA_1,2016-05-30,0.0
FOODS_1,FOODS,FOODS_1_002,CA,CA_1,2016-06-06,0.0
FOODS_1,FOODS,FOODS_1_002,CA,CA_1,2016-06-13,0.0
FOODS_1,FOODS,FOODS_1_002,CA,CA_1,2016-06-20,0.0
FOODS_1,FOODS,FOODS_1_002,TX,TX_1,2014-01-06,1.0
FOODS_1,FOODS,FOODS_1_002,TX,TX_1,2014-01-13,0.0
FOODS_1,FOODS,FOODS_1_002,TX,TX_1,2014-01-20,0.0
FOODS_1,FOODS,FOODS_1_002,TX,TX_1,2014-01-27,0.0
FOODS_1,FOODS,FOODS_1_002,TX,TX_1,2014-02-03,0.0
FOODS_1,FOODS,FOODS_1_002,TX,TX_1,2014-02-10,0.0
FOODS_1,FOODS,FOODS_1_002,TX,TX_1,2014-02-17,0.0
FOODS_1,FOODS,FOODS_1_002,TX,TX_1,2014-02-24,0.0
FOODS_1,FOODS,FOODS_1_002,TX,TX_1,2014-03-03,0.0
FOODS_1,FOODS,FOODS_1_002,TX,TX_1,2014-03-10,1.0
FOODS_1,FOODS,FOODS_1_002,TX,TX_1,2014-03-17,0.0
FOODS_1,FOODS,FOODS_1_002,TX,TX_1,2014-03-24,2.0
FOODS_1,FOODS,FOODS_1_002,TX,TX_1,2014-03-31,3.0
FOODS_1,FOODS,FOODS_1_002,TX,TX_1,2014-04-07,0.0
FOODS_1,FOODS,FOODS_1_002,TX,TX_1,2014-04-14,0.0
FOODS_1,FOODS,FOODS_1_002,TX,TX_1,2014-04-21,2.0
FOODS_1,FOODS,FOODS_1_002,TX,TX_1,2014-04-28,7.0
FOODS_1,FOODS,FOODS_1_002,TX,TX_1,2014-05-05,4.0
FOODS_1,FOODS,FOODS_1_002,TX,TX_1,2014-05-12,2.0
FOODS_1,FOODS,FOODS_1_002,TX,TX_1,2014-05-19,3.0
FOODS_1,FOODS,FOODS_1_002,TX,TX_1,2014-05-26,0.0
FOODS_1,FOODS,FOODS_1_002,TX,TX_1,2014-06-02,1.0
FOODS_1,FOODS,FOODS_1_002,TX,TX_1,2014-06-09,0.0
FOODS_1,FOODS,FOODS_1_002,TX,TX_1,2014-06-16,0.0
FOODS_1,FOODS,FOODS_1_002,TX,TX_1,2014-06-23,3.0
FOODS_1,FOODS,FOODS_1_002,TX,TX_1,2014-06-30,0.0
FOODS_1,FOODS,FOODS_1_002,TX,TX_1,2014-07-07,1.0
FOODS_1,FOODS,FOODS_1_002,TX,TX_1,2014-07-14,0.0
FOODS_1,FOODS,FOODS_1_002,TX,TX_1,2014-07-21,1.0
FOODS_1,FOODS,FOODS_1_002,TX,TX_1,2014-07-28,5.0
FOODS_1,FOODS,FOODS_1_002,TX,TX_1,2014-08-04,2.0
FOODS_1,FOODS,FOODS_1_002,TX,TX_1,2014-08-11,0.0
FOODS_1,FOODS,FOODS_1_002,TX,TX_1,2014-08-18,0.0
FOODS_1,FOODS,FOODS_1_002,TX,TX_1,2014-08-25,2.0
FOODS_1,FOODS,FOODS_1_002,TX,TX_1,2014-09-01,0.0
FOODS_1,FOODS,FOODS_1_002,TX,TX_1,2014-09-08,3.0
FOODS_1,FOODS,FOODS_1_002,TX,TX_1,2014-09-15,4.0
FOODS_1,FOODS,FOODS_1_002,TX,TX_1,2014-09-22,1.0
FOODS_1,FOODS,FOODS_1_002,TX,TX_1,2014-09-29,0.0
FOODS_1,FOODS,FOODS_1_002,TX,TX_1,2014-10-06,1.0
FOODS_1,FOODS,FOODS_1_002,TX,TX_1,2014-10-13,2.0
FOODS_1,FOODS,FOODS_1_002,TX,TX_1,2014-10-20,2.0
FOODS_1,FOODS,FOODS_1_002,TX,TX_1,2014-10-27,0.0
FOODS_1,FOODS,FOODS_1_002,TX,TX_1,2014-11-03,2.0
FOODS_1,FOODS,FOODS_1_002,TX,TX_1,2014-11-10,0.0
FOODS_1,FOODS,FOODS_1_002,TX,TX_1,2014-11-17,1.0
FOODS_1,FOODS,FOODS_1_002,TX,TX_1,2014-11-24,2.0
FOODS_1,FOODS,FOODS_1_002,TX,TX_1,2014-12-01,0.0
FOODS_1,FOODS,FOODS_1_002,TX,TX_1,2014-12-08,2.0
FOODS_1,FOODS,FOODS_1_002,TX,TX_1,2014-12-15,2.0
FOODS_1,FOODS,FOODS_1_002,TX,TX_1,2014-12-22,0.0
FOODS_1,FOODS,FOODS_1_002,TX,TX_1,2014-12-29,0.0
FOODS_1,FOODS,FOODS_1_002,TX,TX_1,2015-01-05,0.0
FOODS_1,FOODS,FOODS_1_002,TX,TX_1,2015-01-12,0.0
FOODS_1,FOODS,FOODS_1_002,TX,TX_1,2015-01-19,4.0
FOODS_1,FOODS,FOODS_1_002,TX,TX_1,2015-01-26,1.0
FOODS_1,FOODS,FOODS_1_002,TX,TX_1,2015-02-02,1.0
FOODS_1,FOODS,FOODS_1_002,TX,TX_1,2015-02-09,1.0
FOODS_1,FOODS,FOODS_1_002,TX,TX_1,2015-02-16,2.0
FOODS_1,FOODS,FOODS_1_002,TX,TX_1,2015-02-23,1.0
FOODS_1,FOODS,FOODS_1_002,TX,TX_1,2015-03-02,1.0
FOODS_1,FOODS,FOODS_1_002,TX,TX_1,2015-03-09,1.0
FOODS_1,FOODS,FOODS_1_002,TX,TX_1,2015-03-16,0.0
FOODS_1,FOODS,FOODS_1_002,TX,TX_1,2015-03-23,2.0
FOODS_1,FOODS,FOODS_1_002,TX,TX_1,2015-03-30,2.0
FOODS_1,FOODS,FOODS_1_002,TX,TX_1,2015-04-06,2.0
FOODS_1,FOODS,FOODS_1_002,TX,TX_1,2015-04-13,2.0
FOODS_1,FOODS,FOODS_1_002,TX,TX_1,2015-04-20,3.0
FOODS_1,FOODS,FOODS_1_002,TX,TX_1,2015-04-27,1.0
FOODS_1,FOODS,FOODS_1_002,TX,TX_1,2015-05-04,1.0
FOODS_1,FOODS,FOODS_1_002,TX,TX_1,2015-05-11,1.0
FOODS_1,FOODS,FOODS_1_002,TX,TX_1,2015-05-18,0.0
FOODS_1,FOODS,FOODS_1_002,TX,TX_1,2015-05-25,2.0
FOODS_1,FOODS,FOODS_1_002,TX,TX_1,2015-06-01,1.0
FOODS_1,FOODS,FOODS_1_002,TX,TX_1,2015-06-08,3.0
FOODS_1,FOODS,FOODS_1_002,TX,TX_1,2015-06-15,2.0
FOODS_1,FOODS,FOODS_1_002,TX,TX_1,2015-06-22,1.0
FOODS_1,FOODS,FOODS_1_002,TX,TX_1,2015-06-29,0.0
FOODS_1,FOODS,FOODS_1_002,TX,TX_1,2015-07-06,0.0
FOODS_1,FOODS,FOODS_1_002,TX,TX_1,2015-07-13,0.0
FOODS_1,FOODS,FOODS_1_002,TX,TX_1,2015-07-20,0.0
FOODS_1,FOODS,FOODS_1_002,TX,TX_1,2015-07-27,0.0
FOODS_1,FOODS,FOODS_1_002,TX,TX_1,2015-08-03,0.0
FOODS_1,FOODS,FOODS_1_002,TX,TX_1,2015-08-10,0.0
FOODS_1,FOODS,FOODS_1_002,TX,TX_1,2015-08-17,0.0
FOODS_1,FOODS,FOODS_1_002,TX,TX_1,2015-08-24,0.0
FOODS_1,FOODS,FOODS_1_002,TX,TX_1,2015-08-31,0.0
FOODS_1,FOODS,FOODS_1_002,TX,TX_1,2015-09-07,2.0
FOODS_1,FOODS,FOODS_1_002,TX,TX_1,2015-09-14,3.0
FOODS_1,FOODS,FOODS_1_002,TX,TX_1,2015-09-21,1.0
FOODS_1,FOODS,FOODS_1_002,TX,TX_1,2015-09-28,0.0
FOODS_1,FOODS,FOODS_1_002,TX,TX_1,2015-10-05,1.0
FOODS_1,FOODS,FOODS_1_002,TX,TX_1,2015-10-12,4.0
FOODS_1,FOODS,FOODS_1_002,TX,TX_1,2015-10-19,2.0
FOODS_1,FOODS,FOODS_1_002,TX,TX_1,2015-10-26,0.0
FOODS_1,FOODS,FOODS_1_002,TX,TX_1,2015-11-02,2.0
FOODS_1,FOODS,FOODS_1_002,TX,TX_1,2015-11-09,3.0
FOODS_1,FOODS,FOODS_1_002,TX,TX_1,2015-11-16,1.0
FOODS_1,FOODS,FOODS_1_002,TX,TX_1,2015-11-23,2.0
FOODS_1,FOODS,FOODS_1_002,TX,TX_1,2015-11-30,2.0
FOODS_1,FOODS,FOODS_1_002,TX,TX_1,2015-12-07,1.0
FOODS_1,FOODS,FOODS_1_002,TX,TX_1,2015-12-14,1.0
FOODS_1,FOODS,FOODS_1_002,TX,TX_1,2015-12-21,2.0
FOODS_1,FOODS,FOODS_1_002,TX,TX_1,2015-12-28,0.0
FOODS_1,FOODS,FOODS_1_002,TX,TX_1,2016-01-04,0.0
FOODS_1,FOODS,FOODS_1_002,TX,TX_1,2016-01-11,0.0
FOODS_1,FOODS,FOODS_1_002,TX,TX_1,2016-01-18,0.0
FOODS_1,FOODS,FOODS_1_002,TX,TX_1,2016-01-25,0.0
FOODS_1,FOODS,FOODS_1_002,TX,TX_1,2016-02-01,0.0
FOODS_1,FOODS,FOODS_1_002,TX,TX_1,2016-02-08,1.0
FOODS_1,FOODS,FOODS_1_002,TX,TX_1,2016-02-15,2.0
FOODS_1,FOODS,FOODS_1_002,TX,TX_1,2016-02-22,3.0
FOODS_1,FOODS,FOODS_1_002,TX,TX_1,2016-02-29,0.0
FOODS_1,FOODS,FOODS_1_002,TX,TX_1,2016-03-07,0.0
FOODS_1,FOODS,FOODS_1_002,TX,TX_1,2016-03-14,0.0
FOODS_1,FOODS,FOODS_1_002,TX,TX_1,2016-03-21,0.0
FOODS_1,FOODS,FOODS_1_002,TX,TX_1,2016-03-28,0.0
FOODS_1,FOODS,FOODS_1_002,TX,TX_1,2016-04-04,0.0
FOODS_1,FOODS,FOODS_1_002,TX,TX_1,2016-04-11,0.0
FOODS_1,FOODS,FOODS_1_002,TX,TX_1,2016-04-18,2.0
FOODS_1,FOODS,FOODS_1_002,TX,TX_1,2016-04-25,0.0
FOODS_1,FOODS,FOODS_1_002,TX,TX_1,2016-05-02,0.0
FOODS_1,FOODS,FOODS_1_002,TX,TX_1,2016-05-09,0.0
FOODS_1,FOODS,FOODS_1_002,TX,TX_1,2016-05-16,0.0
FOODS_1,FOODS,FOODS_1_002,TX,TX_1,2016-05-23,0.0
FOODS_1,FOODS,FOODS_1_002,TX,TX_1,2016-05-30,0.0
FOODS_1,FOODS,FOODS_1_002,TX,TX_1,2016-06-06,0.0
FOODS_1,FOODS,FOODS_1_002,TX,TX_1,2016-06-13,0.0
FOODS_1,FOODS,FOODS_1_002,TX,TX_1,2016-06-20,0.0
FOODS_1,FOODS,FOODS_1_002,WI,WI_1,2014-01-06,3.0
FOODS_1,FOODS,FOODS_1_002,WI,WI_1,2014-01-13,3.0
FOODS_1,FOODS,FOODS_1_002,WI,WI_1,2014-01-20,6.0
FOODS_1,FOODS,FOODS_1_002,WI,WI_1,2014-01-27,2.0
FOODS_1,FOODS,FOODS_1_002,WI,WI_1,2014-02-03,4.0
FOODS_1,FOODS,FOODS_1_002,WI,WI_1,2014-02-10,6.0
FOODS_1,FOODS,FOODS_1_002,WI,WI_1,2014-02-17,2.0
FOODS_1,FOODS,FOODS_1_002,WI,WI_1,2014-02-24,9.0
FOODS_1,FOODS,FOODS_1_002,WI,WI_1,2014-03-03,1.0
FOODS_1,FOODS,FOODS_1_002,WI,WI_1,2014-03-10,5.0
FOODS_1,FOODS,FOODS_1_002,WI,WI_1,2014-03-17,5.0
FOODS_1,FOODS,FOODS_1_002,WI,WI_1,2014-03-24,8.0
FOODS_1,FOODS,FOODS_1_002,WI,WI_1,2014-03-31,3.0
FOODS_1,FOODS,FOODS_1_002,WI,WI_1,2014-04-07,6.0
FOODS_1,FOODS,FOODS_1_002,WI,WI_1,2014-04-14,5.0
FOODS_1,FOODS,FOODS_1_002,WI,WI_1,2014-04-21,3.0
FOODS_1,FOODS,FOODS_1_002,WI,WI_1,2014-04-28,5.0
FOODS_1,FOODS,FOODS_1_002,WI,WI_1,2014-05-05,3.0
FOODS_1,FOODS,FOODS_1_002,WI,WI_1,2014-05-12,4.0
FOODS_1,FOODS,FOODS_1_002,WI,WI_1,2014-05-19,4.0
FOODS_1,FOODS,FOODS_1_002,WI,WI_1,2014-05-26,5.0
FOODS_1,FOODS,FOODS_1_002,WI,WI_1,2014-06-02,3.0
FOODS_1,FOODS,FOODS_1_002,WI,WI_1,2014-06-09,6.0
FOODS_1,FOODS,FOODS_1_002,WI,WI_1,2014-06-16,6.0000005
FOODS_1,FOODS,FOODS_1_002,WI,WI_1,2014-06-23,3.0
FOODS_1,FOODS,FOODS_1_002,WI,WI_1,2014-06-30,5.0
FOODS_1,FOODS,FOODS_1_002,WI,WI_1,2014-07-07,11.0
FOODS_1,FOODS,FOODS_1_002,WI,WI_1,2014-07-14,1.0
FOODS_1,FOODS,FOODS_1_002,WI,WI_1,2014-07-21,5.0
FOODS_1,FOODS,FOODS_1_002,WI,WI_1,2014-07-28,3.0
FOODS_1,FOODS,FOODS_1_002,WI,WI_1,2014-08-04,4.0
FOODS_1,FOODS,FOODS_1_002,WI,WI_1,2014-08-11,2.0
FOODS_1,FOODS,FOODS_1_002,WI,WI_1,2014-08-18,6.0
FOODS_1,FOODS,FOODS_1_002,WI,WI_1,2014-08-25,5.0
FOODS_1,FOODS,FOODS_1_002,WI,WI_1,2014-09-01,7.0
FOODS_1,FOODS,FOODS_1_002,WI,WI_1,2014-09-08,4.0
FOODS_1,FOODS,FOODS_1_002,WI,WI_1,2014-09-15,5.0
FOODS_1,FOODS,FOODS_1_002,WI,WI_1,2014-09-22,6.0
FOODS_1,FOODS,FOODS_1_002,WI,WI_1,2014-09-29,5.0
FOODS_1,FOODS,FOODS_1_002,WI,WI_1,2014-10-06,1.0
FOODS_1,FOODS,FOODS_1_002,WI,WI_1,2014-10-13,5.0
FOODS_1,FOODS,FOODS_1_002,WI,WI_1,2014-10-20,5.0
FOODS_1,FOODS,FOODS_1_002,WI,WI_1,2014-10-27,5.0
FOODS_1,FOODS,FOODS_1_002,WI,WI_1,2014-11-03,8.0
FOODS_1,FOODS,FOODS_1_002,WI,WI_1,2014-11-10,6.0
FOODS_1,FOODS,FOODS_1_002,WI,WI_1,2014-11-17,1.0
FOODS_1,FOODS,FOODS_1_002,WI,WI_1,2014-11-24,3.0
FOODS_1,FOODS,FOODS_1_002,WI,WI_1,2014-12-01,4.0
FOODS_1,FOODS,FOODS_1_002,WI,WI_1,2014-12-08,7.0
FOODS_1,FOODS,FOODS_1_002,WI,WI_1,2014-12-15,4.0
FOODS_1,FOODS,FOODS_1_002,WI,WI_1,2014-12-22,7.0
FOODS_1,FOODS,FOODS_1_002,WI,WI_1,2014-12-29,0.0
FOODS_1,FOODS,FOODS_1_002,WI,WI_1,2015-01-05,7.0
FOODS_1,FOODS,FOODS_1_002,WI,WI_1,2015-01-12,2.0
FOODS_1,FOODS,FOODS_1_002,WI,WI_1,2015-01-19,11.0
FOODS_1,FOODS,FOODS_1_002,WI,WI_1,2015-01-26,6.0
FOODS_1,FOODS,FOODS_1_002,WI,WI_1,2015-02-02,6.0
FOODS_1,FOODS,FOODS_1_002,WI,WI_1,2015-02-09,7.0
FOODS_1,FOODS,FOODS_1_002,WI,WI_1,2015-02-16,4.0
FOODS_1,FOODS,FOODS_1_002,WI,WI_1,2015-02-23,8.0
FOODS_1,FOODS,FOODS_1_002,WI,WI_1,2015-03-02,6.0
FOODS_1,FOODS,FOODS_1_002,WI,WI_1,2015-03-09,9.0
FOODS_1,FOODS,FOODS_1_002,WI,WI_1,2015-03-16,6.0
FOODS_1,FOODS,FOODS_1_002,WI,WI_1,2015-03-23,3.0
FOODS_1,FOODS,FOODS_1_002,WI,WI_1,2015-03-30,5.0
FOODS_1,FOODS,FOODS_1_002,WI,WI_1,2015-04-06,5.0
FOODS_1,FOODS,FOODS_1_002,WI,WI_1,2015-04-13,11.0
FOODS_1,FOODS,FOODS_1_002,WI,WI_1,2015-04-20,5.0
FOODS_1,FOODS,FOODS_1_002,WI,WI_1,2015-04-27,8.0
FOODS_1,FOODS,FOODS_1_002,WI,WI_1,2015-05-04,4.0
FOODS_1,FOODS,FOODS_1_002,WI,WI_1,2015-05-11,8.0
FOODS_1,FOODS,FOODS_1_002,WI,WI_1,2015-05-18,6.0
FOODS_1,FOODS,FOODS_1_002,WI,WI_1,2015-05-25,5.0
FOODS_1,FOODS,FOODS_1_002,WI,WI_1,2015-06-01,10.0
FOODS_1,FOODS,FOODS_1_002,WI,WI_1,2015-06-08,6.0
FOODS_1,FOODS,FOODS_1_002,WI,WI_1,2015-06-15,3.0
FOODS_1,FOODS,FOODS_1_002,WI,WI_1,2015-06-22,10.0
FOODS_1,FOODS,FOODS_1_002,WI,WI_1,2015-06-29,3.0
FOODS_1,FOODS,FOODS_1_002,WI,WI_1,2015-07-06,9.0
FOODS_1,FOODS,FOODS_1_002,WI,WI_1,2015-07-13,4.0
FOODS_1,FOODS,FOODS_1_002,WI,WI_1,2015-07-20,4.0
FOODS_1,FOODS,FOODS_1_002,WI,WI_1,2015-07-27,3.0
FOODS_1,FOODS,FOODS_1_002,WI,WI_1,2015-08-03,7.0
FOODS_1,FOODS,FOODS_1_002,WI,WI_1,2015-08-10,7.0
FOODS_1,FOODS,FOODS_1_002,WI,WI_1,2015-08-17,9.0
FOODS_1,FOODS,FOODS_1_002,WI,WI_1,2015-08-24,6.0
FOODS_1,FOODS,FOODS_1_002,WI,WI_1,2015-08-31,4.0
FOODS_1,FOODS,FOODS_1_002,WI,WI_1,2015-09-07,8.0
FOODS_1,FOODS,FOODS_1_002,WI,WI_1,2015-09-14,3.0
FOODS_1,FOODS,FOODS_1_002,WI,WI_1,2015-09-21,8.0
FOODS_1,FOODS,FOODS_1_002,WI,WI_1,2015-09-28,5.0
FOODS_1,FOODS,FOODS_1_002,WI,WI_1,2015-10-05,7.0
FOODS_1,FOODS,FOODS_1_002,WI,WI_1,2015-10-12,9.0
FOODS_1,FOODS,FOODS_1_002,WI,WI_1,2015-10-19,6.0
FOODS_1,FOODS,FOODS_1_002,WI,WI_1,2015-10-26,8.0
FOODS_1,FOODS,FOODS_1_002,WI,WI_1,2015-11-02,3.0
FOODS_1,FOODS,FOODS_1_002,WI,WI_1,2015-11-09,14.0
FOODS_1,FOODS,FOODS_1_002,WI,WI_1,2015-11-16,5.0
FOODS_1,FOODS,FOODS_1_002,WI,WI_1,2015-11-23,1.0
FOODS_1,FOODS,FOODS_1_002,WI,WI_1,2015-11-30,10.0
FOODS_1,FOODS,FOODS_1_002,WI,WI_1,2015-12-07,7.0
FOODS_1,FOODS,FOODS_1_002,WI,WI_1,2015-12-14,12.0
FOODS_1,FOODS,FOODS_1_002,WI,WI_1,2015-12-21,9.0
FOODS_1,FOODS,FOODS_1_002,WI,WI_1,2015-12-28,3.0
FOODS_1,FOODS,FOODS_1_002,WI,WI_1,2016-01-04,1.0
FOODS_1,FOODS,FOODS_1_002,WI,WI_1,2016-01-11,5.0
FOODS_1,FOODS,FOODS_1_002,WI,WI_1,2016-01-18,8.0
FOODS_1,FOODS,FOODS_1_002,WI,WI_1,2016-01-25,4.0
FOODS_1,FOODS,FOODS_1_002,WI,WI_1,2016-02-01,12.0
FOODS_1,FOODS,FOODS_1_002,WI,WI_1,2016-02-08,11.0
FOODS_1,FOODS,FOODS_1_002,WI,WI_1,2016-02-15,5.0
FOODS_1,FOODS,FOODS_1_002,WI,WI_1,2016-02-22,9.0
FOODS_1,FOODS,FOODS_1_002,WI,WI_1,2016-02-29,10.0
FOODS_1,FOODS,FOODS_1_002,WI,WI_1,2016-03-07,5.0
FOODS_1,FOODS,FOODS_1_002,WI,WI_1,2016-03-14,5.0
FOODS_1,FOODS,FOODS_1_002,WI,WI_1,2016-03-21,8.0
FOODS_1,FOODS,FOODS_1_002,WI,WI_1,2016-03-28,8.0
FOODS_1,FOODS,FOODS_1_002,WI,WI_1,2016-04-04,3.0
FOODS_1,FOODS,FOODS_1_002,WI,WI_1,2016-04-11,7.0
FOODS_1,FOODS,FOODS_1_002,WI,WI_1,2016-04-18,8.0
FOODS_1,FOODS,FOODS_1_002,WI,WI_1,2016-04-25,7.0
FOODS_1,FOODS,FOODS_1_002,WI,WI_1,2016-05-02,0.0
FOODS_1,FOODS,FOODS_1_002,WI,WI_1,2016-05-09,0.0
FOODS_1,FOODS,FOODS_1_002,WI,WI_1,2016-05-16,0.0
FOODS_1,FOODS,FOODS_1_002,WI,WI_1,2016-05-23,0.0
FOODS_1,FOODS,FOODS_1_002,WI,WI_1,2016-05-30,0.0
FOODS_1,FOODS,FOODS_1_002,WI,WI_1,2016-06-06,0.0
FOODS_1,FOODS,FOODS_1_002,WI,WI_1,2016-06-13,0.0
FOODS_1,FOODS,FOODS_1_002,WI,WI_1,2016-06-20,0.0
FOODS_1,FOODS,FOODS_1_003,CA,CA_1,2014-01-06,0.0
FOODS_1,FOODS,FOODS_1_003,CA,CA_1,2014-01-13,9.0
FOODS_1,FOODS,FOODS_1_003,CA,CA_1,2014-01-20,4.0
FOODS_1,FOODS,FOODS_1_003,CA,CA_1,2014-01-27,5.0
FOODS_1,FOODS,FOODS_1_003,CA,CA_1,2014-02-03,6.0000005
FOODS_1,FOODS,FOODS_1_003,CA,CA_1,2014-02-10,1.0
FOODS_1,FOODS,FOODS_1_003,CA,CA_1,2014-02-17,9.0
FOODS_1,FOODS,FOODS_1_003,CA,CA_1,2014-02-24,3.0
FOODS_1,FOODS,FOODS_1_003,CA,CA_1,2014-03-03,7.0000005
FOODS_1,FOODS,FOODS_1_003,CA,CA_1,2014-03-10,0.0
FOODS_1,FOODS,FOODS_1_003,CA,CA_1,2014-03-17,7.0
FOODS_1,FOODS,FOODS_1_003,CA,CA_1,2014-03-24,5.0
FOODS_1,FOODS,FOODS_1_003,CA,CA_1,2014-03-31,3.0
FOODS_1,FOODS,FOODS_1_003,CA,CA_1,2014-04-07,9.0
FOODS_1,FOODS,FOODS_1_003,CA,CA_1,2014-04-14,6.0
FOODS_1,FOODS,FOODS_1_003,CA,CA_1,2014-04-21,7.0
FOODS_1,FOODS,FOODS_1_003,CA,CA_1,2014-04-28,4.0
FOODS_1,FOODS,FOODS_1_003,CA,CA_1,2014-05-05,5.0
FOODS_1,FOODS,FOODS_1_003,CA,CA_1,2014-05-12,8.0
FOODS_1,FOODS,FOODS_1_003,CA,CA_1,2014-05-19,3.0
FOODS_1,FOODS,FOODS_1_003,CA,CA_1,2014-05-26,3.0
FOODS_1,FOODS,FOODS_1_003,CA,CA_1,2014-06-02,5.0
FOODS_1,FOODS,FOODS_1_003,CA,CA_1,2014-06-09,4.0
FOODS_1,FOODS,FOODS_1_003,CA,CA_1,2014-06-16,5.0
FOODS_1,FOODS,FOODS_1_003,CA,CA_1,2014-06-23,5.0
FOODS_1,FOODS,FOODS_1_003,CA,CA_1,2014-06-30,6.0
FOODS_1,FOODS,FOODS_1_003,CA,CA_1,2014-07-07,5.0
FOODS_1,FOODS,FOODS_1_003,CA,CA_1,2014-07-14,7.0
FOODS_1,FOODS,FOODS_1_003,CA,CA_1,2014-07-21,6.0
FOODS_1,FOODS,FOODS_1_003,CA,CA_1,2014-07-28,8.0
FOODS_1,FOODS,FOODS_1_003,CA,CA_1,2014-08-04,5.0
FOODS_1,FOODS,FOODS_1_003,CA,CA_1,2014-08-11,4.0
FOODS_1,FOODS,FOODS_1_003,CA,CA_1,2014-08-18,4.0
FOODS_1,FOODS,FOODS_1_003,CA,CA_1,2014-08-25,4.0
FOODS_1,FOODS,FOODS_1_003,CA,CA_1,2014-09-01,8.0
FOODS_1,FOODS,FOODS_1_003,CA,CA_1,2014-09-08,7.0000005
FOODS_1,FOODS,FOODS_1_003,CA,CA_1,2014-09-15,4.0
FOODS_1,FOODS,FOODS_1_003,CA,CA_1,2014-09-22,4.0
FOODS_1,FOODS,FOODS_1_003,CA,CA_1,2014-09-29,2.0
FOODS_1,FOODS,FOODS_1_003,CA,CA_1,2014-10-06,6.0
FOODS_1,FOODS,FOODS_1_003,CA,CA_1,2014-10-13,4.0
FOODS_1,FOODS,FOODS_1_003,CA,CA_1,2014-10-20,5.0
FOODS_1,FOODS,FOODS_1_003,CA,CA_1,2014-10-27,3.0
FOODS_1,FOODS,FOODS_1_003,CA,CA_1,2014-11-03,4.0
FOODS_1,FOODS,FOODS_1_003,CA,CA_1,2014-11-10,3.0
FOODS_1,FOODS,FOODS_1_003,CA,CA_1,2014-11-17,5.0
FOODS_1,FOODS,FOODS_1_003,CA,CA_1,2014-11-24,7.0
FOODS_1,FOODS,FOODS_1_003,CA,CA_1,2014-12-01,7.0
FOODS_1,FOODS,FOODS_1_003,CA,CA_1,2014-12-08,11.0
FOODS_1,FOODS,FOODS_1_003,CA,CA_1,2014-12-15,3.0
FOODS_1,FOODS,FOODS_1_003,CA,CA_1,2014-12-22,8.0
FOODS_1,FOODS,FOODS_1_003,CA,CA_1,2014-12-29,9.0
FOODS_1,FOODS,FOODS_1_003,CA,CA_1,2015-01-05,2.0
FOODS_1,FOODS,FOODS_1_003,CA,CA_1,2015-01-12,3.0
FOODS_1,FOODS,FOODS_1_003,CA,CA_1,2015-01-19,3.0
FOODS_1,FOODS,FOODS_1_003,CA,CA_1,2015-01-26,5.0
FOODS_1,FOODS,FOODS_1_003,CA,CA_1,2015-02-02,4.0
FOODS_1,FOODS,FOODS_1_003,CA,CA_1,2015-02-09,4.0
FOODS_1,FOODS,FOODS_1_003,CA,CA_1,2015-02-16,4.0
FOODS_1,FOODS,FOODS_1_003,CA,CA_1,2015-02-23,5.0
FOODS_1,FOODS,FOODS_1_003,CA,CA_1,2015-03-02,3.0
FOODS_1,FOODS,FOODS_1_003,CA,CA_1,2015-03-09,2.0
FOODS_1,FOODS,FOODS_1_003,CA,CA_1,2015-03-16,4.0
FOODS_1,FOODS,FOODS_1_003,CA,CA_1,2015-03-23,2.0
FOODS_1,FOODS,FOODS_1_003,CA,CA_1,2015-03-30,7.0
FOODS_1,FOODS,FOODS_1_003,CA,CA_1,2015-04-06,5.0
FOODS_1,FOODS,FOODS_1_003,CA,CA_1,2015-04-13,4.0
FOODS_1,FOODS,FOODS_1_003,CA,CA_1,2015-04-20,0.0
FOODS_1,FOODS,FOODS_1_003,CA,CA_1,2015-04-27,9.0
FOODS_1,FOODS,FOODS_1_003,CA,CA_1,2015-05-04,7.0
FOODS_1,FOODS,FOODS_1_003,CA,CA_1,2015-05-11,13.0
FOODS_1,FOODS,FOODS_1_003,CA,CA_1,2015-05-18,3.0
FOODS_1,FOODS,FOODS_1_003,CA,CA_1,2015-05-25,8.0
FOODS_1,FOODS,FOODS_1_003,CA,CA_1,2015-06-01,3.0
FOODS_1,FOODS,FOODS_1_003,CA,CA_1,2015-06-08,4.0
FOODS_1,FOODS,FOODS_1_003,CA,CA_1,2015-06-15,6.0
FOODS_1,FOODS,FOODS_1_003,CA,CA_1,2015-06-22,2.0
FOODS_1,FOODS,FOODS_1_003,CA,CA_1,2015-06-29,3.0
FOODS_1,FOODS,FOODS_1_003,CA,CA_1,2015-07-06,9.0
FOODS_1,FOODS,FOODS_1_003,CA,CA_1,2015-07-13,5.0
FOODS_1,FOODS,FOODS_1_003,CA,CA_1,2015-07-20,3.0
FOODS_1,FOODS,FOODS_1_003,CA,CA_1,2015-07-27,7.0
FOODS_1,FOODS,FOODS_1_003,CA,CA_1,2015-08-03,9.0
FOODS_1,FOODS,FOODS_1_003,CA,CA_1,2015-08-10,6.0
FOODS_1,FOODS,FOODS_1_003,CA,CA_1,2015-08-17,3.0
FOODS_1,FOODS,FOODS_1_003,CA,CA_1,2015-08-24,8.0
FOODS_1,FOODS,FOODS_1_003,CA,CA_1,2015-08-31,7.0
FOODS_1,FOODS,FOODS_1_003,CA,CA_1,2015-09-07,2.0
FOODS_1,FOODS,FOODS_1_003,CA,CA_1,2015-09-14,4.0
FOODS_1,FOODS,FOODS_1_003,CA,CA_1,2015-09-21,3.0
FOODS_1,FOODS,FOODS_1_003,CA,CA_1,2015-09-28,14.0
FOODS_1,FOODS,FOODS_1_003,CA,CA_1,2015-10-05,11.0
FOODS_1,FOODS,FOODS_1_003,CA,CA_1,2015-10-12,1.0
FOODS_1,FOODS,FOODS_1_003,CA,CA_1,2015-10-19,5.0
FOODS_1,FOODS,FOODS_1_003,CA,CA_1,2015-10-26,4.0
FOODS_1,FOODS,FOODS_1_003,CA,CA_1,2015-11-02,6.0
FOODS_1,FOODS,FOODS_1_003,CA,CA_1,2015-11-09,5.0
FOODS_1,FOODS,FOODS_1_003,CA,CA_1,2015-11-16,3.0
FOODS_1,FOODS,FOODS_1_003,CA,CA_1,2015-11-23,2.0
FOODS_1,FOODS,FOODS_1_003,CA,CA_1,2015-11-30,4.0
FOODS_1,FOODS,FOODS_1_003,CA,CA_1,2015-12-07,4.0
FOODS_1,FOODS,FOODS_1_003,CA,CA_1,2015-12-14,8.0
FOODS_1,FOODS,FOODS_1_003,CA,CA_1,2015-12-21,6.0
FOODS_1,FOODS,FOODS_1_003,CA,CA_1,2015-12-28,0.0
FOODS_1,FOODS,FOODS_1_003,CA,CA_1,2016-01-04,5.0
FOODS_1,FOODS,FOODS_1_003,CA,CA_1,2016-01-11,7.0
FOODS_1,FOODS,FOODS_1_003,CA,CA_1,2016-01-18,3.0
FOODS_1,FOODS,FOODS_1_003,CA,CA_1,2016-01-25,11.0
FOODS_1,FOODS,FOODS_1_003,CA,CA_1,2016-02-01,6.0
FOODS_1,FOODS,FOODS_1_003,CA,CA_1,2016-02-08,4.0
FOODS_1,FOODS,FOODS_1_003,CA,CA_1,2016-02-15,8.0
FOODS_1,FOODS,FOODS_1_003,CA,CA_1,2016-02-22,1.0
FOODS_1,FOODS,FOODS_1_003,CA,CA_1,2016-02-29,5.0
FOODS_1,FOODS,FOODS_1_003,CA,CA_1,2016-03-07,7.0
FOODS_1,FOODS,FOODS_1_003,CA,CA_1,2016-03-14,4.0
FOODS_1,FOODS,FOODS_1_003,CA,CA_1,2016-03-21,6.0
FOODS_1,FOODS,FOODS_1_003,CA,CA_1,2016-03-28,9.0
FOODS_1,FOODS,FOODS_1_003,CA,CA_1,2016-04-04,3.0
FOODS_1,FOODS,FOODS_1_003,CA,CA_1,2016-04-11,3.0
FOODS_1,FOODS,FOODS_1_003,CA,CA_1,2016-04-18,9.0
FOODS_1,FOODS,FOODS_1_003,CA,CA_1,2016-04-25,3.0
FOODS_1,FOODS,FOODS_1_003,CA,CA_1,2016-05-02,0.0
FOODS_1,FOODS,FOODS_1_003,CA,CA_1,2016-05-09,0.0
FOODS_1,FOODS,FOODS_1_003,CA,CA_1,2016-05-16,0.0
FOODS_1,FOODS,FOODS_1_003,CA,CA_1,2016-05-23,0.0
FOODS_1,FOODS,FOODS_1_003,CA,CA_1,2016-05-30,0.0
FOODS_1,FOODS,FOODS_1_003,CA,CA_1,2016-06-06,0.0
FOODS_1,FOODS,FOODS_1_003,CA,CA_1,2016-06-13,0.0
FOODS_1,FOODS,FOODS_1_003,CA,CA_1,2016-06-20,0.0
FOODS_1,FOODS,FOODS_1_003,TX,TX_1,2014-01-06,4.0
FOODS_1,FOODS,FOODS_1_003,TX,TX_1,2014-01-13,0.0
FOODS_1,FOODS,FOODS_1_003,TX,TX_1,2014-01-20,3.0
FOODS_1,FOODS,FOODS_1_003,TX,TX_1,2014-01-27,2.0
FOODS_1,FOODS,FOODS_1_003,TX,TX_1,2014-02-03,2.0
FOODS_1,FOODS,FOODS_1_003,TX,TX_1,2014-02-10,1.0
FOODS_1,FOODS,FOODS_1_003,TX,TX_1,2014-02-17,3.0
FOODS_1,FOODS,FOODS_1_003,TX,TX_1,2014-02-24,2.0
FOODS_1,FOODS,FOODS_1_003,TX,TX_1,2014-03-03,1.0
FOODS_1,FOODS,FOODS_1_003,TX,TX_1,2014-03-10,1.0
FOODS_1,FOODS,FOODS_1_003,TX,TX_1,2014-03-17,3.0
FOODS_1,FOODS,FOODS_1_003,TX,TX_1,2014-03-24,0.0
FOODS_1,FOODS,FOODS_1_003,TX,TX_1,2014-03-31,3.0
FOODS_1,FOODS,FOODS_1_003,TX,TX_1,2014-04-07,2.0
FOODS_1,FOODS,FOODS_1_003,TX,TX_1,2014-04-14,1.0
FOODS_1,FOODS,FOODS_1_003,TX,TX_1,2014-04-21,2.0
FOODS_1,FOODS,FOODS_1_003,TX,TX_1,2014-04-28,4.0
FOODS_1,FOODS,FOODS_1_003,TX,TX_1,2014-05-05,0.0
FOODS_1,FOODS,FOODS_1_003,TX,TX_1,2014-05-12,0.0
FOODS_1,FOODS,FOODS_1_003,TX,TX_1,2014-05-19,3.0
FOODS_1,FOODS,FOODS_1_003,TX,TX_1,2014-05-26,2.0
FOODS_1,FOODS,FOODS_1_003,TX,TX_1,2014-06-02,1.0
FOODS_1,FOODS,FOODS_1_003,TX,TX_1,2014-06-09,1.0
FOODS_1,FOODS,FOODS_1_003,TX,TX_1,2014-06-16,1.0
FOODS_1,FOODS,FOODS_1_003,TX,TX_1,2014-06-23,2.0
FOODS_1,FOODS,FOODS_1_003,TX,TX_1,2014-06-30,1.0
FOODS_1,FOODS,FOODS_1_003,TX,TX_1,2014-07-07,1.0
FOODS_1,FOODS,FOODS_1_003,TX,TX_1,2014-07-14,3.0
FOODS_1,FOODS,FOODS_1_003,TX,TX_1,2014-07-21,4.0
FOODS_1,FOODS,FOODS_1_003,TX,TX_1,2014-07-28,4.0
FOODS_1,FOODS,FOODS_1_003,TX,TX_1,2014-08-04,5.0
FOODS_1,FOODS,FOODS_1_003,TX,TX_1,2014-08-11,3.0
FOODS_1,FOODS,FOODS_1_003,TX,TX_1,2014-08-18,2.0
FOODS_1,FOODS,FOODS_1_003,TX,TX_1,2014-08-25,3.0
FOODS_1,FOODS,FOODS_1_003,TX,TX_1,2014-09-01,6.0
FOODS_1,FOODS,FOODS_1_003,TX,TX_1,2014-09-08,0.0
FOODS_1,FOODS,FOODS_1_003,TX,TX_1,2014-09-15,1.0
FOODS_1,FOODS,FOODS_1_003,TX,TX_1,2014-09-22,1.0
FOODS_1,FOODS,FOODS_1_003,TX,TX_1,2014-09-29,4.0
FOODS_1,FOODS,FOODS_1_003,TX,TX_1,2014-10-06,2.0
FOODS_1,FOODS,FOODS_1_003,TX,TX_1,2014-10-13,2.0
FOODS_1,FOODS,FOODS_1_003,TX,TX_1,2014-10-20,4.0
FOODS_1,FOODS,FOODS_1_003,TX,TX_1,2014-10-27,4.0
FOODS_1,FOODS,FOODS_1_003,TX,TX_1,2014-11-03,4.0
FOODS_1,FOODS,FOODS_1_003,TX,TX_1,2014-11-10,4.0
FOODS_1,FOODS,FOODS_1_003,TX,TX_1,2014-11-17,3.0
FOODS_1,FOODS,FOODS_1_003,TX,TX_1,2014-11-24,0.0
FOODS_1,FOODS,FOODS_1_003,TX,TX_1,2014-12-01,1.0
FOODS_1,FOODS,FOODS_1_003,TX,TX_1,2014-12-08,2.0
FOODS_1,FOODS,FOODS_1_003,TX,TX_1,2014-12-15,1.0
FOODS_1,FOODS,FOODS_1_003,TX,TX_1,2014-12-22,4.0
FOODS_1,FOODS,FOODS_1_003,TX,TX_1,2014-12-29,0.0
FOODS_1,FOODS,FOODS_1_003,TX,TX_1,2015-01-05,3.0
FOODS_1,FOODS,FOODS_1_003,TX,TX_1,2015-01-12,2.0
FOODS_1,FOODS,FOODS_1_003,TX,TX_1,2015-01-19,4.0
FOODS_1,FOODS,FOODS_1_003,TX,TX_1,2015-01-26,1.0
FOODS_1,FOODS,FOODS_1_003,TX,TX_1,2015-02-02,3.0
FOODS_1,FOODS,FOODS_1_003,TX,TX_1,2015-02-09,4.0
FOODS_1,FOODS,FOODS_1_003,TX,TX_1,2015-02-16,3.0
FOODS_1,FOODS,FOODS_1_003,TX,TX_1,2015-02-23,8.0
FOODS_1,FOODS,FOODS_1_003,TX,TX_1,2015-03-02,3.0
FOODS_1,FOODS,FOODS_1_003,TX,TX_1,2015-03-09,4.0
FOODS_1,FOODS,FOODS_1_003,TX,TX_1,2015-03-16,3.0
FOODS_1,FOODS,FOODS_1_003,TX,TX_1,2015-03-23,0.0
FOODS_1,FOODS,FOODS_1_003,TX,TX_1,2015-03-30,1.0
FOODS_1,FOODS,FOODS_1_003,TX,TX_1,2015-04-06,2.0
FOODS_1,FOODS,FOODS_1_003,TX,TX_1,2015-04-13,0.0
FOODS_1,FOODS,FOODS_1_003,TX,TX_1,2015-04-20,5.0
FOODS_1,FOODS,FOODS_1_003,TX,TX_1,2015-04-27,1.0
FOODS_1,FOODS,FOODS_1_003,TX,TX_1,2015-05-04,3.0
FOODS_1,FOODS,FOODS_1_003,TX,TX_1,2015-05-11,2.0
FOODS_1,FOODS,FOODS_1_003,TX,TX_1,2015-05-18,0.0
FOODS_1,FOODS,FOODS_1_003,TX,TX_1,2015-05-25,1.0
FOODS_1,FOODS,FOODS_1_003,TX,TX_1,2015-06-01,0.0
FOODS_1,FOODS,FOODS_1_003,TX,TX_1,2015-06-08,5.0
FOODS_1,FOODS,FOODS_1_003,TX,TX_1,2015-06-15,2.0
FOODS_1,FOODS,FOODS_1_003,TX,TX_1,2015-06-22,2.0
FOODS_1,FOODS,FOODS_1_003,TX,TX_1,2015-06-29,4.0
FOODS_1,FOODS,FOODS_1_003,TX,TX_1,2015-07-06,2.0
FOODS_1,FOODS,FOODS_1_003,TX,TX_1,2015-07-13,4.0
FOODS_1,FOODS,FOODS_1_003,TX,TX_1,2015-07-20,2.0
FOODS_1,FOODS,FOODS_1_003,TX,TX_1,2015-07-27,1.0
FOODS_1,FOODS,FOODS_1_003,TX,TX_1,2015-08-03,1.0
FOODS_1,FOODS,FOODS_1_003,TX,TX_1,2015-08-10,8.0
FOODS_1,FOODS,FOODS_1_003,TX,TX_1,2015-08-17,1.0
FOODS_1,FOODS,FOODS_1_003,TX,TX_1,2015-08-24,3.0
FOODS_1,FOODS,FOODS_1_003,TX,TX_1,2015-08-31,0.0
FOODS_1,FOODS,FOODS_1_003,TX,TX_1,2015-09-07,4.0
FOODS_1,FOODS,FOODS_1_003,TX,TX_1,2015-09-14,0.0
FOODS_1,FOODS,FOODS_1_003,TX,TX_1,2015-09-21,4.0
FOODS_1,FOODS,FOODS_1_003,TX,TX_1,2015-09-28,0.0
FOODS_1,FOODS,FOODS_1_003,TX,TX_1,2015-10-05,0.0
FOODS_1,FOODS,FOODS_1_003,TX,TX_1,2015-10-12,0.0
FOODS_1,FOODS,FOODS_1_003,TX,TX_1,2015-10-19,0.0
FOODS_1,FOODS,FOODS_1_003,TX,TX_1,2015-10-26,0.0
FOODS_1,FOODS,FOODS_1_003,TX,TX_1,2015-11-02,0.0
FOODS_1,FOODS,FOODS_1_003,TX,TX_1,2015-11-09,1.0
FOODS_1,FOODS,FOODS_1_003,TX,TX_1,2015-11-16,2.0
FOODS_1,FOODS,FOODS_1_003,TX,TX_1,2015-11-23,1.0
FOODS_1,FOODS,FOODS_1_003,TX,TX_1,2015-11-30,2.0
FOODS_1,FOODS,FOODS_1_003,TX,TX_1,2015-12-07,1.0
FOODS_1,FOODS,FOODS_1_003,TX,TX_1,2015-12-14,0.0
FOODS_1,FOODS,FOODS_1_003,TX,TX_1,2015-12-21,2.0
FOODS_1,FOODS,FOODS_1_003,TX,TX_1,2015-12-28,3.0
FOODS_1,FOODS,FOODS_1_003,TX,TX_1,2016-01-04,1.0
FOODS_1,FOODS,FOODS_1_003,TX,TX_1,2016-01-11,6.0
FOODS_1,FOODS,FOODS_1_003,TX,TX_1,2016-01-18,3.0
FOODS_1,FOODS,FOODS_1_003,TX,TX_1,2016-01-25,0.0
FOODS_1,FOODS,FOODS_1_003,TX,TX_1,2016-02-01,1.0
FOODS_1,FOODS,FOODS_1_003,TX,TX_1,2016-02-08,0.0
FOODS_1,FOODS,FOODS_1_003,TX,TX_1,2016-02-15,2.0
FOODS_1,FOODS,FOODS_1_003,TX,TX_1,2016-02-22,2.0
FOODS_1,FOODS,FOODS_1_003,TX,TX_1,2016-02-29,5.0
FOODS_1,FOODS,FOODS_1_003,TX,TX_1,2016-03-07,4.0
FOODS_1,FOODS,FOODS_1_003,TX,TX_1,2016-03-14,3.0
FOODS_1,FOODS,FOODS_1_003,TX,TX_1,2016-03-21,1.0
FOODS_1,FOODS,FOODS_1_003,TX,TX_1,2016-03-28,3.0
FOODS_1,FOODS,FOODS_1_003,TX,TX_1,2016-04-04,1.0
FOODS_1,FOODS,FOODS_1_003,TX,TX_1,2016-04-11,0.0
FOODS_1,FOODS,FOODS_1_003,TX,TX_1,2016-04-18,2.0
FOODS_1,FOODS,FOODS_1_003,TX,TX_1,2016-04-25,0.0
FOODS_1,FOODS,FOODS_1_003,TX,TX_1,2016-05-02,0.0
FOODS_1,FOODS,FOODS_1_003,TX,TX_1,2016-05-09,0.0
FOODS_1,FOODS,FOODS_1_003,TX,TX_1,2016-05-16,0.0
FOODS_1,FOODS,FOODS_1_003,TX,TX_1,2016-05-23,0.0
FOODS_1,FOODS,FOODS_1_003,TX,TX_1,2016-05-30,0.0
FOODS_1,FOODS,FOODS_1_003,TX,TX_1,2016-06-06,0.0
FOODS_1,FOODS,FOODS_1_003,TX,TX_1,2016-06-13,0.0
FOODS_1,FOODS,FOODS_1_003,TX,TX_1,2016-06-20,0.0
FOODS_1,FOODS,FOODS_1_003,WI,WI_1,2014-01-06,2.0
FOODS_1,FOODS,FOODS_1_003,WI,WI_1,2014-01-13,8.0
FOODS_1,FOODS,FOODS_1_003,WI,WI_1,2014-01-20,4.0
FOODS_1,FOODS,FOODS_1_003,WI,WI_1,2014-01-27,0.0
FOODS_1,FOODS,FOODS_1_003,WI,WI_1,2014-02-03,0.0
FOODS_1,FOODS,FOODS_1_003,WI,WI_1,2014-02-10,5.0
FOODS_1,FOODS,FOODS_1_003,WI,WI_1,2014-02-17,4.0
FOODS_1,FOODS,FOODS_1_003,WI,WI_1,2014-02-24,6.0
FOODS_1,FOODS,FOODS_1_003,WI,WI_1,2014-03-03,5.0
FOODS_1,FOODS,FOODS_1_003,WI,WI_1,2014-03-10,5.0
FOODS_1,FOODS,FOODS_1_003,WI,WI_1,2014-03-17,5.0
FOODS_1,FOODS,FOODS_1_003,WI,WI_1,2014-03-24,9.0
FOODS_1,FOODS,FOODS_1_003,WI,WI_1,2014-03-31,5.0
FOODS_1,FOODS,FOODS_1_003,WI,WI_1,2014-04-07,5.0
FOODS_1,FOODS,FOODS_1_003,WI,WI_1,2014-04-14,4.0
FOODS_1,FOODS,FOODS_1_003,WI,WI_1,2014-04-21,12.0
FOODS_1,FOODS,FOODS_1_003,WI,WI_1,2014-04-28,3.0
FOODS_1,FOODS,FOODS_1_003,WI,WI_1,2014-05-05,11.0
FOODS_1,FOODS,FOODS_1_003,WI,WI_1,2014-05-12,8.0
FOODS_1,FOODS,FOODS_1_003,WI,WI_1,2014-05-19,7.0
FOODS_1,FOODS,FOODS_1_003,WI,WI_1,2014-05-26,8.0
FOODS_1,FOODS,FOODS_1_003,WI,WI_1,2014-06-02,8.0
FOODS_1,FOODS,FOODS_1_003,WI,WI_1,2014-06-09,8.0
FOODS_1,FOODS,FOODS_1_003,WI,WI_1,2014-06-16,15.0
FOODS_1,FOODS,FOODS_1_003,WI,WI_1,2014-06-23,7.0
FOODS_1,FOODS,FOODS_1_003,WI,WI_1,2014-06-30,2.0
FOODS_1,FOODS,FOODS_1_003,WI,WI_1,2014-07-07,7.0
FOODS_1,FOODS,FOODS_1_003,WI,WI_1,2014-07-14,8.0
FOODS_1,FOODS,FOODS_1_003,WI,WI_1,2014-07-21,3.0
FOODS_1,FOODS,FOODS_1_003,WI,WI_1,2014-07-28,5.0
FOODS_1,FOODS,FOODS_1_003,WI,WI_1,2014-08-04,5.0
FOODS_1,FOODS,FOODS_1_003,WI,WI_1,2014-08-11,2.0
FOODS_1,FOODS,FOODS_1_003,WI,WI_1,2014-08-18,2.0
FOODS_1,FOODS,FOODS_1_003,WI,WI_1,2014-08-25,23.0
FOODS_1,FOODS,FOODS_1_003,WI,WI_1,2014-09-01,4.0
FOODS_1,FOODS,FOODS_1_003,WI,WI_1,2014-09-08,4.0
FOODS_1,FOODS,FOODS_1_003,WI,WI_1,2014-09-15,9.0
FOODS_1,FOODS,FOODS_1_003,WI,WI_1,2014-09-22,7.0
FOODS_1,FOODS,FOODS_1_003,WI,WI_1,2014-09-29,8.0
FOODS_1,FOODS,FOODS_1_003,WI,WI_1,2014-10-06,14.0
FOODS_1,FOODS,FOODS_1_003,WI,WI_1,2014-10-13,5.0
FOODS_1,FOODS,FOODS_1_003,WI,WI_1,2014-10-20,7.0
FOODS_1,FOODS,FOODS_1_003,WI,WI_1,2014-10-27,3.0
FOODS_1,FOODS,FOODS_1_003,WI,WI_1,2014-11-03,9.0
FOODS_1,FOODS,FOODS_1_003,WI,WI_1,2014-11-10,5.0
FOODS_1,FOODS,FOODS_1_003,WI,WI_1,2014-11-17,8.0
FOODS_1,FOODS,FOODS_1_003,WI,WI_1,2014-11-24,7.0
FOODS_1,FOODS,FOODS_1_003,WI,WI_1,2014-12-01,10.0
FOODS_1,FOODS,FOODS_1_003,WI,WI_1,2014-12-08,7.0
FOODS_1,FOODS,FOODS_1_003,WI,WI_1,2014-12-15,11.0
FOODS_1,FOODS,FOODS_1_003,WI,WI_1,2014-12-22,11.0
FOODS_1,FOODS,FOODS_1_003,WI,WI_1,2014-12-29,2.0
FOODS_1,FOODS,FOODS_1_003,WI,WI_1,2015-01-05,7.0
FOODS_1,FOODS,FOODS_1_003,WI,WI_1,2015-01-12,1.0
FOODS_1,FOODS,FOODS_1_003,WI,WI_1,2015-01-19,5.0
FOODS_1,FOODS,FOODS_1_003,WI,WI_1,2015-01-26,4.0
FOODS_1,FOODS,FOODS_1_003,WI,WI_1,2015-02-02,8.0
FOODS_1,FOODS,FOODS_1_003,WI,WI_1,2015-02-09,12.0
FOODS_1,FOODS,FOODS_1_003,WI,WI_1,2015-02-16,9.0
FOODS_1,FOODS,FOODS_1_003,WI,WI_1,2015-02-23,8.0
FOODS_1,FOODS,FOODS_1_003,WI,WI_1,2015-03-02,5.0
FOODS_1,FOODS,FOODS_1_003,WI,WI_1,2015-03-09,4.0
FOODS_1,FOODS,FOODS_1_003,WI,WI_1,2015-03-16,7.0
FOODS_1,FOODS,FOODS_1_003,WI,WI_1,2015-03-23,9.0
FOODS_1,FOODS,FOODS_1_003,WI,WI_1,2015-03-30,3.0
FOODS_1,FOODS,FOODS_1_003,WI,WI_1,2015-04-06,4.0
FOODS_1,FOODS,FOODS_1_003,WI,WI_1,2015-04-13,2.0
FOODS_1,FOODS,FOODS_1_003,WI,WI_1,2015-04-20,10.0
FOODS_1,FOODS,FOODS_1_003,WI,WI_1,2015-04-27,4.0
FOODS_1,FOODS,FOODS_1_003,WI,WI_1,2015-05-04,7.0
FOODS_1,FOODS,FOODS_1_003,WI,WI_1,2015-05-11,11.0
FOODS_1,FOODS,FOODS_1_003,WI,WI_1,2015-05-18,6.0
FOODS_1,FOODS,FOODS_1_003,WI,WI_1,2015-05-25,8.0
FOODS_1,FOODS,FOODS_1_003,WI,WI_1,2015-06-01,3.0
FOODS_1,FOODS,FOODS_1_003,WI,WI_1,2015-06-08,11.0
FOODS_1,FOODS,FOODS_1_003,WI,WI_1,2015-06-15,8.0
FOODS_1,FOODS,FOODS_1_003,WI,WI_1,2015-06-22,6.0
FOODS_1,FOODS,FOODS_1_003,WI,WI_1,2015-06-29,8.0
FOODS_1,FOODS,FOODS_1_003,WI,WI_1,2015-07-06,6.0
FOODS_1,FOODS,FOODS_1_003,WI,WI_1,2015-07-13,12.0
FOODS_1,FOODS,FOODS_1_003,WI,WI_1,2015-07-20,9.0
FOODS_1,FOODS,FOODS_1_003,WI,WI_1,2015-07-27,11.0
FOODS_1,FOODS,FOODS_1_003,WI,WI_1,2015-08-03,4.0
FOODS_1,FOODS,FOODS_1_003,WI,WI_1,2015-08-10,10.0
FOODS_1,FOODS,FOODS_1_003,WI,WI_1,2015-08-17,6.0
FOODS_1,FOODS,FOODS_1_003,WI,WI_1,2015-08-24,2.0
FOODS_1,FOODS,FOODS_1_003,WI,WI_1,2015-08-31,6.0
FOODS_1,FOODS,FOODS_1_003,WI,WI_1,2015-09-07,2.0
FOODS_1,FOODS,FOODS_1_003,WI,WI_1,2015-09-14,12.0
FOODS_1,FOODS,FOODS_1_003,WI,WI_1,2015-09-21,3.0
FOODS_1,FOODS,FOODS_1_003,WI,WI_1,2015-09-28,8.0
FOODS_1,FOODS,FOODS_1_003,WI,WI_1,2015-10-05,9.0
FOODS_1,FOODS,FOODS_1_003,WI,WI_1,2015-10-12,7.0
FOODS_1,FOODS,FOODS_1_003,WI,WI_1,2015-10-19,8.0
FOODS_1,FOODS,FOODS_1_003,WI,WI_1,2015-10-26,14.0
FOODS_1,FOODS,FOODS_1_003,WI,WI_1,2015-11-02,1.0
FOODS_1,FOODS,FOODS_1_003,WI,WI_1,2015-11-09,7.0
FOODS_1,FOODS,FOODS_1_003,WI,WI_1,2015-11-16,7.0
FOODS_1,FOODS,FOODS_1_003,WI,WI_1,2015-11-23,7.0
FOODS_1,FOODS,FOODS_1_003,WI,WI_1,2015-11-30,5.0
FOODS_1,FOODS,FOODS_1_003,WI,WI_1,2015-12-07,8.0
FOODS_1,FOODS,FOODS_1_003,WI,WI_1,2015-12-14,4.0
FOODS_1,FOODS,FOODS_1_003,WI,WI_1,2015-12-21,5.0
FOODS_1,FOODS,FOODS_1_003,WI,WI_1,2015-12-28,11.0
FOODS_1,FOODS,FOODS_1_003,WI,WI_1,2016-01-04,9.0
FOODS_1,FOODS,FOODS_1_003,WI,WI_1,2016-01-11,3.0
FOODS_1,FOODS,FOODS_1_003,WI,WI_1,2016-01-18,12.0
FOODS_1,FOODS,FOODS_1_003,WI,WI_1,2016-01-25,15.0
FOODS_1,FOODS,FOODS_1_003,WI,WI_1,2016-02-01,11.0
FOODS_1,FOODS,FOODS_1_003,WI,WI_1,2016-02-08,9.0
FOODS_1,FOODS,FOODS_1_003,WI,WI_1,2016-02-15,9.0
FOODS_1,FOODS,FOODS_1_003,WI,WI_1,2016-02-22,11.0
FOODS_1,FOODS,FOODS_1_003,WI,WI_1,2016-02-29,10.0
FOODS_1,FOODS,FOODS_1_003,WI,WI_1,2016-03-07,15.0
FOODS_1,FOODS,FOODS_1_003,WI,WI_1,2016-03-14,12.0
FOODS_1,FOODS,FOODS_1_003,WI,WI_1,2016-03-21,5.0
FOODS_1,FOODS,FOODS_1_003,WI,WI_1,2016-03-28,16.0
FOODS_1,FOODS,FOODS_1_003,WI,WI_1,2016-04-04,6.0
FOODS_1,FOODS,FOODS_1_003,WI,WI_1,2016-04-11,13.0
FOODS_1,FOODS,FOODS_1_003,WI,WI_1,2016-04-18,1.0
FOODS_1,FOODS,FOODS_1_003,WI,WI_1,2016-04-25,7.0
FOODS_1,FOODS,FOODS_1_003,WI,WI_1,2016-05-02,0.0
FOODS_1,FOODS,FOODS_1_003,WI,WI_1,2016-05-09,0.0
FOODS_1,FOODS,FOODS_1_003,WI,WI_1,2016-05-16,0.0
FOODS_1,FOODS,FOODS_1_003,WI,WI_1,2016-05-23,0.0
FOODS_1,FOODS,FOODS_1_003,WI,WI_1,2016-05-30,0.0
FOODS_1,FOODS,FOODS_1_003,WI,WI_1,2016-06-06,0.0
FOODS_1,FOODS,FOODS_1_003,WI,WI_1,2016-06-13,0.0
FOODS_1,FOODS,FOODS_1_003,WI,WI_1,2016-06-20,0.0
